URL,Version,Status,OIDs,Name,Title,Description,Used
https://fhir-ig.digitalhealth.gov.ng/CodeSystem/age-component-codes-cs,0.0.0,active,"2.16.840.1.113884.3.9944.1.16.1",NgAgeComponentCodesCS,NG Age Component Codes,"Local CodeSystem for age components: units, comparison operators, and common MNCH/EPI age bands for use in measures, decision logic, and stratification.",
https://fhir-ig.digitalhealth.gov.ng/CodeSystem/ng-alert-category-cs,0.0.0,active,"2.16.840.1.113884.3.9944.1.16.2",NgAlertCategoryCS,Nigeria Alert Category Code System,"Categories used to classify alerts represented using the Nigeria Alert Flag profile.",
https://fhir-ig.digitalhealth.gov.ng/CodeSystem/ng-alert-code-cs,0.0.0,active,"2.16.840.1.113884.3.9944.1.16.3",NgAlertCodeCS,Nigeria Alert Code System,"Common alert types used by Nigerian health information systems and represented using the Nigeria Alert Flag profile.",
https://fhir-ig.digitalhealth.gov.ng/CodeSystem/ng-atc-medication-cs,0.0.0,active,"2.16.840.1.113884.3.9944.1.16.4",NgATCLocalMedicationCS,NG Local ATC Medication Codes,"Local ATC. Codes are placeholders aligned to common maternal, newborn, and child health needs, plus EPI vaccines.",
https://fhir-ig.digitalhealth.gov.ng/CodeSystem/ng-bundle-identifier-cs,0.0.0,active,"2.16.840.1.113884.3.9944.1.16.5",NgBundleIdentifierCS,NG Bundle Identifier Codes,"Local CodeSystem defining standard bundle identifiers.",
https://fhir-ig.digitalhealth.gov.ng/CodeSystem/ng-careplan-activity-cs,0.0.0,active,"2.16.840.1.113884.3.9944.1.16.6",NgCareplanActivityCS,NG CarePlan Activity Codes,"Activities for CarePlan.activity.detail.code.",
https://fhir-ig.digitalhealth.gov.ng/CodeSystem/ng-careplan-category-cs,0.0.0,active,"2.16.840.1.113884.3.9944.1.16.7",NgCareplanCategoryCS,NG CarePlan Category Codes,"Categories for CarePlan.",
https://fhir-ig.digitalhealth.gov.ng/CodeSystem/ng-claim-product-or-service-cs,0.0.0,active,"2.16.840.1.113884.3.9944.1.16.9",NgClaimProductOrServiceCS,NG Claim Product/Service Codes,"Nigeria-specific productOrService codes.",
https://fhir-ig.digitalhealth.gov.ng/CodeSystem/ng-clinical-status-cs,0.0.0,active,"2.16.840.1.113884.3.9944.1.16.10",NgClinicalStatusCS,NG Adverse Event CS,"A classification system that represents the current clinical status of an individual who experienced an Adverse Event Following Immunization (AEFI), based on medical observation, investigation, or follow-up assessment.",
https://fhir-ig.digitalhealth.gov.ng/CodeSystem/ng-device-identifier-cs,0.0.0,active,"2.16.840.1.113884.3.9944.1.16.11",NgDeviceIdentifierCS,NG Electromechanical Medical Device Identifier CS,"Simplified CodeSystem of 50 placeholder identifiers for electromechanical medical devices (vital signs, analyzers, imaging/DICOM, bedside, handheld, IoT).",
https://fhir-ig.digitalhealth.gov.ng/CodeSystem/ng-device-metric-category-cs,0.0.0,active,"2.16.840.1.113884.3.9944.1.16.12",NgDeviceMetricCategoryCS,NG DeviceMetric Category Codes,"Local mirror of DeviceMetric.category. Consider using 'http://terminology.hl7.org/CodeSystem/metric-category' in production.",
https://fhir-ig.digitalhealth.gov.ng/CodeSystem/ng-device-type-cs,0.0.0,active,"2.16.840.1.113884.3.9944.1.16.13",NgDevicetypeCS,NG DeviceType Codes,"Local mirror of Device Type.",
https://fhir-ig.digitalhealth.gov.ng/CodeSystem/ng-eligibility-request-id-cs,0.0.0,active,"2.16.840.1.113884.3.9944.1.16.14",NgEligibilityRequestIdCS,Eligibility Request ID CodeSystem,"Local codes to identify the type used for an Eligibility Request identifier. Intended for use in CoverageEligibilityRequest.identifier.type.",
https://fhir-ig.digitalhealth.gov.ng/CodeSystem/ng-facility-identifier-cs,0.0.0,active,"2.16.840.1.113884.3.9944.1.16.15",NgFacilityIdentifierCS,NG Facility Identifier CS,"This CodeSystem IMMZ.A.DE1 defines placeholder codes to manage Facility identifiers in Nigeria.",
https://fhir-ig.digitalhealth.gov.ng/CodeSystem/ng-facility-type-cs,0.0.0,active,"2.16.840.1.113884.3.9944.1.16.16",NgFacilityTypeCS,NG Facility Type CS,"A standardized classification system used to describe the type or level of health facility within a healthcare delivery system, based on the scope of services provided, staffing, infrastructure, and administrative role.",
https://fhir-ig.digitalhealth.gov.ng/CodeSystem/ng-hiv-absent-unknown-cs,0.0.0,active,"2.16.840.1.113884.3.9944.1.16.17",NgHivAbsentUnknownCS,HIV Absent or Unknown CodeSystem,"Codes used for indicating when a value is absent or unknown.",
https://fhir-ig.digitalhealth.gov.ng/CodeSystem/ng-hiv-art-follow-up-status-cs,0.0.0,active,"2.16.840.1.113884.3.9944.1.16.19",NgHivARTFollowUpStatusCS,NG HIV Follow Up Status CodeSystem,"A list of codes describing the follow up statuses",
https://fhir-ig.digitalhealth.gov.ng/CodeSystem/ng-hiv-art-monthly-summary-cs,0.0.0,active,"2.16.840.1.113884.3.9944.1.16.20",NgHivArtMonthlySummaryCS,NG HIV ART Monthly Summary Codes,"Indicator, stratifier-dimension and local disaggregation codes for the Nigeria ART Monthly Summary Form revised November 2025.",
https://fhir-ig.digitalhealth.gov.ng/CodeSystem/ng-hiv-art-register-cervical-status-cs,0.0.0,draft,"2.16.840.1.113884.3.9944.1.16.21",NgHivArtRegisterCervicalStatusCS,NG HIV ART Register Cervical Cancer Screening Status Codes,"Combined cervical-cancer screening workflow statuses printed in column A27 of the National ART Register.",
https://fhir-ig.digitalhealth.gov.ng/CodeSystem/ng-hiv-art-register-cryptococcal-status-cs,0.0.0,draft,"2.16.840.1.113884.3.9944.1.16.22",NgHivArtRegisterCryptococcalStatusCS,NG HIV ART Register Cryptococcal Status Codes,"Cryptococcal screening and treatment-state codes printed in column A25 of the National ART Register.",
https://fhir-ig.digitalhealth.gov.ng/CodeSystem/ng-hiv-art-register-dsd-status-cs,0.0.0,draft,"2.16.840.1.113884.3.9944.1.16.23",NgHivArtRegisterDsdStatusCS,NG HIV ART Register DSD Status Codes,"Facility- and community-based differentiated-service-delivery model codes printed in column A33 of the National ART Register.",
https://fhir-ig.digitalhealth.gov.ng/CodeSystem/ng-hiv-art-register-hepatitis-status-cs,0.0.0,draft,"2.16.840.1.113884.3.9944.1.16.24",NgHivArtRegisterHepatitisStatusCS,NG HIV ART Register Hepatitis Screening Codes,"Hepatitis screening and treatment codes printed in column A28 of the National ART Register.",
https://fhir-ig.digitalhealth.gov.ng/CodeSystem/ng-hiv-art-register-regimen-cs,0.0.0,draft,"2.16.840.1.113884.3.9944.1.16.25",NgHivArtRegisterRegimenCS,NG HIV ART Register Regimen Codes,"Adult and paediatric first-, second- and third-line ART regimen codes printed on the November 2025 National ART Register.",
https://fhir-ig.digitalhealth.gov.ng/CodeSystem/ng-hiv-art-register-tb-status-cs,0.0.0,draft,"2.16.840.1.113884.3.9944.1.16.26",NgHivArtRegisterTbStatusCS,NG HIV ART Register TB Status Codes,"Combined TB screening, diagnostic and treatment status codes printed on column A20 of the National ART Register.",
https://fhir-ig.digitalhealth.gov.ng/CodeSystem/ng-hiv-art-register-tpt-outcome-cs,0.0.0,draft,"2.16.840.1.113884.3.9944.1.16.27",NgHivArtRegisterTptOutcomeCS,NG HIV ART Register TPT Outcome Codes,"TB preventive-therapy outcome codes printed in column A22 of the National ART Register.",
https://fhir-ig.digitalhealth.gov.ng/CodeSystem/ng-hiv-arv-adherence-cs,0.0.0,active,"2.16.840.1.113884.3.9944.1.16.28",NgHivARVAdherenceCS,NG HIV-ARV Adherence CodeSystem,"ARV Adherence",
https://fhir-ig.digitalhealth.gov.ng/CodeSystem/ng-hiv-arv-regimen-switch-type-cs,0.0.0,active,"2.16.840.1.113884.3.9944.1.16.31",NgHivARVRegimenSwitchTypeCS,ARV Regimen Switch Type,"Codes used for representing the type for the ARV regimen switched.",
https://fhir-ig.digitalhealth.gov.ng/CodeSystem/ng-hiv-arv-treatment-cs,0.0.0,active,"2.16.840.1.113884.3.9944.1.16.32",NgHivARVTreatmentCS,HIV ARV Drugs CodeSystem,"A list of codes describing the ARV Drugs.",
https://fhir-ig.digitalhealth.gov.ng/CodeSystem/ng-hiv-care-art-codes-cs,0.0.0,active,"2.16.840.1.113884.3.9944.1.16.33",NgHivCareArtCodesCS,NG HIV Care and ART Codes,"Local codes transcribed from the Nigeria HIV Care/ART Card for coded answers used by the HIV care and ART Questionnaire.",
https://fhir-ig.digitalhealth.gov.ng/CodeSystem/ng-hiv-care-plan-category-cs,0.0.0,active,"2.16.840.1.113884.3.9944.1.16.34",NgHivCarePlanCategoryCS,HIV-Care Plan Categories CodeSystem,"A list of codes describing Care Plan categories.",
https://fhir-ig.digitalhealth.gov.ng/CodeSystem/ng-hiv-diagnosis-cs,0.0.0,active,"2.16.840.1.113884.3.9944.1.16.113",NgHivDiagnosisCS,Nigeria HIV Diagnosis Codes,"Local HIV programme diagnosis concepts used where a specific opportunistic-infection diagnosis is required.",
https://fhir-ig.digitalhealth.gov.ng/CodeSystem/ng-hiv-dsd-assessment-cs,0.0.0,active,"2.16.840.1.113884.3.9944.1.16.40",NgHivDSDAssessmentCS,HIV Differentiated Service Delivery,"Code used for indicating a DSD assessment.",
https://fhir-ig.digitalhealth.gov.ng/CodeSystem/ng-hiv-dsd-reason-for-category-change-cs,0.0.0,active,"2.16.840.1.113884.3.9944.1.16.43",NgHivDSDReasonForCategoryChangeCS,HIV DSD - Reason For Category Change CodeSystem,"Code used for indicating the reason for the category change for the DSD assessment.",
https://fhir-ig.digitalhealth.gov.ng/CodeSystem/ng-hiv-eac-form-cs,0.0.0,active,"2.16.840.1.113884.3.9944.1.16.44",NgHivEacFormCS,NG HIV Enhanced Adherence Counselling Form Codes,"Local coded answers transcribed from the Nigeria Enhanced Adherence Counselling Form for adherence assessment, adherence barriers, service interventions and intervention tools.",
https://fhir-ig.digitalhealth.gov.ng/CodeSystem/ng-hiv-eac-given-cs,0.0.0,active,"2.16.840.1.113884.3.9944.1.16.45",NgHivEACGivenCS,NG HIV EAC Given,"Codes used for representing the Enhanced Adherence Councilling (EAC) given.",
https://fhir-ig.digitalhealth.gov.ng/CodeSystem/ng-hiv-eac-register-virologic-failure-cause-cs,0.0.0,draft,"2.16.840.1.113884.3.9944.1.16.46",NgHivEacRegisterVirologicFailureCauseCS,NG HIV EAC Register Suspected Causes of Virologic Failure,"Codes printed in the Enhanced Adherence Counselling Monitoring Register for recording the suspected cause or causes of virologic failure after EAC.",
https://fhir-ig.digitalhealth.gov.ng/CodeSystem/ng-hiv-encounter-service-type-cs,0.0.0,active,"2.16.840.1.113884.3.9944.1.16.47",NgHivEncounterServiceTypeCS,HIV Proprietary Service Type,"Codes used for indicating a proprietary encounter service type.",
https://fhir-ig.digitalhealth.gov.ng/CodeSystem/ng-hiv-encounter-type-for-entry-from-outside-facility-cs,0.0.0,active,"2.16.840.1.113884.3.9944.1.16.48",NgHivEncounterTypeForEntryFromOutsideFacilityCS,Encounter Type Code For Entry From Outside Facility,"Code used for indicating that an encounter was captured to represent an entry point from outside the facility.",
https://fhir-ig.digitalhealth.gov.ng/CodeSystem/ng-hiv-enhanced-adherence-counselling-status-cs,0.0.0,active,"2.16.840.1.113884.3.9944.1.16.50",NgHivEnhancedAdherenceCounsellingCS,Enhanced Adherence Counselling,"Code used for indicating a proprietary enhanced adherence counselling",
https://fhir-ig.digitalhealth.gov.ng/CodeSystem/ng-hiv-family-index-case-contacts-questionnaire-cs,0.0.0,active,"2.16.840.1.113884.3.9944.1.16.51",NgHivFamilyIndexCaseContactsQuestionnairesCS,HIV Family Index Case Contacts Questionnaire,"Proprietary Codes used in the Family Index Case Contacts Questionnaire.",
https://fhir-ig.digitalhealth.gov.ng/CodeSystem/ng-hiv-final-outcome-cs,0.0.0,active,"2.16.840.1.113884.3.9944.1.16.52",NgHivFinalOutcomeCS,HIV - Final Outcome CodeSystem,"Final Outcome",
https://fhir-ig.digitalhealth.gov.ng/CodeSystem/ng-hiv-int-lab-form-cs,0.0.0,active,"2.16.840.1.113884.3.9944.1.16.54",NgHivIntLabFormCS,NG HIV Integrated Laboratory Form Codes,"Local coded answer concepts transcribed or inferred from the Nigeria HIV Integrated Laboratory Order and Result Form revised November 2025.",
https://fhir-ig.digitalhealth.gov.ng/CodeSystem/ng-hiv-int-lab-register-cs,0.0.0,active,"2.16.840.1.113884.3.9944.1.16.55",NgHivIntLabRegisterCS,NG HIV Integrated Laboratory Monitoring Register Codes,"Local codes required to represent the Integrated Laboratory Monitoring Register revised November 2025. The source workbook does not provide a complete EID-entry-point legend or a POC error-code catalogue; those values are therefore represented using existing terminology or free text in the logical model.",
https://fhir-ig.digitalhealth.gov.ng/CodeSystem/ng-hiv-partner-and-fbict-cs,0.0.0,active,"2.16.840.1.113884.3.9944.1.16.57",NgHivPartnerAndFBICTCS,HIV Partner and FBICT,"Codes used for indicating the patient's status for partner and Family-based Index Case Testing (FBICT).",
https://fhir-ig.digitalhealth.gov.ng/CodeSystem/ng-hiv-period-of-hiv-exposure-cs,0.0.0,active,"2.16.840.1.113884.3.9944.1.16.59",NgHivPeriodOfHIVExposureCS,HIV Period of HIV Exposure,"Codes used for indicating the period when last the individual was exposed to HIV.",
https://fhir-ig.digitalhealth.gov.ng/CodeSystem/ng-hiv-pharmacy-order-cs,0.0.0,active,"2.16.840.1.113884.3.9944.1.16.60",NgHivPharmacyOrderCS,NG HIV Pharmacy Order Form Codes,"Local coded medicine products transcribed from the Nigeria Combined Pharmacy Order Form revised November 2025. The codes distinguish products by program category, ingredient combination and preprinted strength.",
https://fhir-ig.digitalhealth.gov.ng/CodeSystem/ng-hiv-pharmacy-worksheet-arv-prophylaxis-cs,0.0.0,active,"2.16.840.1.113884.3.9944.1.16.61",NgHivPharmacyWorksheetArvProphylaxisCS,NG HIV Pharmacy Worksheet HEI ARV Prophylaxis Regimens,"ARV prophylaxis codes printed in W17 for HIV-exposed infants.",
https://fhir-ig.digitalhealth.gov.ng/CodeSystem/ng-hiv-pharmacy-worksheet-dsd-model-cs,0.0.0,active,"2.16.840.1.113884.3.9944.1.16.62",NgHivPharmacyWorksheetDsdModelCS,NG HIV Pharmacy Worksheet DSD Models,"DSD models represented by W9 and W10.",
https://fhir-ig.digitalhealth.gov.ng/CodeSystem/ng-hiv-pharmacy-worksheet-medicine-category-cs,0.0.0,active,"2.16.840.1.113884.3.9944.1.16.63",NgHivPharmacyWorksheetMedicineCategoryCS,NG HIV Pharmacy Worksheet Medicine Categories,"Medicine-section categories printed on the revised Pharmacy Daily Worksheet.",
https://fhir-ig.digitalhealth.gov.ng/CodeSystem/ng-hiv-pharmacy-worksheet-medicine-cs,0.0.0,active,"2.16.840.1.113884.3.9944.1.16.64",NgHivPharmacyWorksheetMedicineCS,NG HIV Pharmacy Daily Worksheet Medicine Columns,"Local codes for the fixed medicine columns W24–W71 on the revised November 2025 Pharmacy Daily Worksheet. The code is the printed worksheet column identifier, allowing exact reconstruction of the paper worksheet.",
https://fhir-ig.digitalhealth.gov.ng/CodeSystem/ng-hiv-pharmacy-worksheet-summary-scope-cs,0.0.0,active,"2.16.840.1.113884.3.9944.1.16.65",NgHivPharmacyWorksheetSummaryScopeCS,NG HIV Pharmacy Worksheet Summary Scopes,"The three summary rows printed at the bottom of the worksheet.",
https://fhir-ig.digitalhealth.gov.ng/CodeSystem/ng-hiv-positive-tracking-cs,0.0.0,active,"2.16.840.1.113884.3.9944.1.16.66",NgHivPositiveTrackingCS,NG HIV Positive Tracking,"Codes used for representing HIV positive tracking.",
https://fhir-ig.digitalhealth.gov.ng/CodeSystem/ng-hiv-precancerous-lesion-treatment-received-cs,0.0.0,active,"2.16.840.1.113884.3.9944.1.16.67",NgHivPrecancerousLesionTreatmentReceivedCS,NG HIV Precancerous Lesion Treatment Received,"A list of codes describing the precancerous lesion treatment received",
https://fhir-ig.digitalhealth.gov.ng/CodeSystem/ng-hiv-reason-not-started-art-cs,0.0.0,active,"2.16.840.1.113884.3.9944.1.16.69",NgHivReasonNotStartedARTCS,HIV - Reason Not Started ART CodeSystem,"Reason Not Started ART",
https://fhir-ig.digitalhealth.gov.ng/CodeSystem/ng-hiv-routine-indication-viral-load-cs,0.0.0,active,"2.16.840.1.113884.3.9944.1.16.70",NgHivRoutineIndicationViralLoadCS,NG HIV Routine Indication Viral Load,"Codes used for representing routine indication for viral load.",
https://fhir-ig.digitalhealth.gov.ng/CodeSystem/ng-hiv-service-provider-cs,0.0.0,active,"2.16.840.1.113884.3.9944.1.16.71",NgHivServiceProviderTypeCS,HIV Service Providers CodeSystem,"Code used for representing the classification of organizations providing health services.",
https://fhir-ig.digitalhealth.gov.ng/CodeSystem/ng-hiv-status-cs,0.0.0,active,"2.16.840.1.113884.3.9944.1.16.72",NgHivStatusCS,NG Client HIV status CS,"This CodeSystem IMMZ.C.DE31 defines list of options for HIV status of a Client",
https://fhir-ig.digitalhealth.gov.ng/CodeSystem/ng-hiv-suspicious-cancerous-treatment-cs,0.0.0,active,"2.16.840.1.113884.3.9944.1.16.73",NgHivSuspiciousCancerousTreatmentCS,NG HIV-Suspicious Cancerous Treatment,"A list of codes describing the suspicious Cancerous treatment",
https://fhir-ig.digitalhealth.gov.ng/CodeSystem/ng-hiv-target-population-category-cs,0.0.0,active,"2.16.840.1.113884.3.9944.1.16.74",NgHivTargetPopulationCategoryCS,Target Population Category Codes,"Codes used for representing the patient's target population category",
https://fhir-ig.digitalhealth.gov.ng/CodeSystem/ng-hiv-targeted-indication-viral-load-cs,0.0.0,active,"2.16.840.1.113884.3.9944.1.16.75",NgHivTargetedIndicationViralLoadCS,NG HIV Targeted Indication Viral Load,"Codes used for representing targeted indication for viral load.",
https://fhir-ig.digitalhealth.gov.ng/CodeSystem/ng-hiv-tracking-attempt-stage-cs,0.0.0,active,"2.16.840.1.113884.3.9944.1.16.76",NgHivTrackingAttemptStageCS,NG HIV Tracking Register Attempt Stages,"The four numbered tracking attempts and the final attempt at the end of the tracking period represented by columns T19–T23.",
https://fhir-ig.digitalhealth.gov.ng/CodeSystem/ng-hiv-tracking-default-reason-cs,0.0.0,active,"2.16.840.1.113884.3.9944.1.16.77",NgHivTrackingDefaultReasonCS,NG HIV Tracking Register Reasons for Defaulting,"Reasons recorded when successful contact establishes why the client missed the appointment.",
https://fhir-ig.digitalhealth.gov.ng/CodeSystem/ng-hiv-tracking-discontinuation-reason-cs,0.0.0,active,"2.16.840.1.113884.3.9944.1.16.78",NgHivTrackingDiscontinuationReasonCS,NG HIV Tracking Register Reasons for Discontinuation,"Reasons for discontinuing care at the facility printed for T26.",
https://fhir-ig.digitalhealth.gov.ng/CodeSystem/ng-hiv-tracking-dsd-model-cs,0.0.0,active,"2.16.840.1.113884.3.9944.1.16.79",NgHivTrackingDsdModelCS,NG HIV Tracking Register DSD Model Codes,"High-level DSD model codes printed in T15.",
https://fhir-ig.digitalhealth.gov.ng/CodeSystem/ng-hiv-tracking-dsd-status-cs,0.0.0,active,"2.16.840.1.113884.3.9944.1.16.80",NgHivTrackingDsdStatusCS,NG HIV Tracking Register DSD Status Codes,"High-level differentiated-service-delivery status codes printed in T15. The source register spells devolved as 'Devloved'; this artefact uses the intended spelling while preserving code D.",
https://fhir-ig.digitalhealth.gov.ng/CodeSystem/ng-hiv-tracking-mode-cs,0.0.0,active,"2.16.840.1.113884.3.9944.1.16.81",NgHivTrackingModeCS,NG HIV Tracking Register Tracking Modes,"Tracking modes printed for T19–T23.",
https://fhir-ig.digitalhealth.gov.ng/CodeSystem/ng-hiv-tracking-person-contacted-cs,0.0.0,active,"2.16.840.1.113884.3.9944.1.16.82",NgHivTrackingPersonContactedCS,NG HIV Tracking Register Person Contacted Codes,"Person-contacted codes printed for T19–T23.",
https://fhir-ig.digitalhealth.gov.ng/CodeSystem/ng-hiv-tracking-reason-cs,0.0.0,active,"2.16.840.1.113884.3.9944.1.16.83",NgHivTrackingReasonCS,NG HIV Tracking Register Reasons for Tracking,"Reason-for-tracking codes printed for T16.",
https://fhir-ig.digitalhealth.gov.ng/CodeSystem/ng-hiv-transfer-reason-cs,0.0.0,draft,"2.16.840.1.113884.3.9944.1.16.84",NgHivTransferReasonCS,NG HIV Care and Treatment Transfer Reasons,"Reasons for transferring a client between HIV treatment sites, transcribed from the November 2025 HIV Care and Treatment Transfer Form.",
https://fhir-ig.digitalhealth.gov.ng/CodeSystem/ng-hiv-who-stage-cs,0.0.0,active,"2.16.840.1.113884.3.9944.1.16.85",NgHivWHOStageCS,WHO Stage Codes,"Code used for representing the patient's WHO stage.",
https://fhir-ig.digitalhealth.gov.ng/CodeSystem/ng-immunization-contraindication-cs,0.0.0,active,"2.16.840.1.113884.3.9944.1.16.86",NgImmunizationContraindicationCS,NG Vaccine contraindications CS,"A set of standardized codes used to represent clinical conditions, diagnoses, or circumstances that serve as contraindications to the administration of one or more vaccines.",
https://fhir-ig.digitalhealth.gov.ng/CodeSystem/ng-immunization-session-type-cs,0.0.0,active,"2.16.840.1.113884.3.9944.1.16.87",NgImmunizationSessionTypeCS,NG Immunization Session types CS,"Type of session for immunization Could be in a fixed facility, outreach or mobile.",
https://fhir-ig.digitalhealth.gov.ng/CodeSystem/ng-lgas-cs,0.0.0,active,"2.16.840.1.113884.3.9944.1.16.88",NgLgasCS,NG LGAs in Nigeria CS,"This CodeSystem defines LGA codes and names mapped to their respective States in Nigeria.",
https://fhir-ig.digitalhealth.gov.ng/CodeSystem/ng-mdcn-cs,0.0.0,active,"2.16.840.1.113884.3.9944.1.16.89",NgMdcnCS,NG Practitioner Identifier CS,"This CodeSystem IMMZ.C.DE14 defines placeholder codes to manage physician identifiers in Nigeria.",
https://fhir-ig.digitalhealth.gov.ng/CodeSystem/ng-nutritional-screening-result-cs,0.0.0,active,"2.16.840.1.113884.3.9944.1.16.90",NgNutritionalScreeningResultCS,Nutritional Screening Result Codes,"Codes used for representing the patient's nutritional screening result.",
https://fhir-ig.digitalhealth.gov.ng/CodeSystem/ng-nutritional-suppliments-provided-cs,0.0.0,active,"2.16.840.1.113884.3.9944.1.16.91",NgNutritionalSupplimentsProvidedCS,Nutritional Suppliments Provided Codes,"Code used for representing the patient's nutritional suppliments provided.",
https://fhir-ig.digitalhealth.gov.ng/CodeSystem/ng-observation-code,0.0.0,active,"2.16.840.1.113884.3.9944.1.16.92",NgObservationCodeCS,Nigeria Core Observation Codes,"Local codes used to identify Nigeria Core observations that do not have an appropriate code in an established terminology.",
https://fhir-ig.digitalhealth.gov.ng/CodeSystem/ng-organization-owner-cs,0.0.0,active,"2.16.840.1.113884.3.9944.1.16.93",NgOrganizationOwnerCS,NG Location Owner CS,"This CodeSystem defines Immunization Location Owner.",
https://fhir-ig.digitalhealth.gov.ng/CodeSystem/ng-patient-education-level-cs,0.0.0,active,"2.16.840.1.113884.3.9944.1.16.94",NgPatientEducationLevelCS,NG Patient Education Level Codes,"Codes used for indicating the patient's highest qualification.",
https://fhir-ig.digitalhealth.gov.ng/CodeSystem/ng-patient-identifier-type-cs,0.0.0,active,"2.16.840.1.113884.3.9944.1.16.95",NgPatientIdentifierTypeCS,NG Patient Identifier Type CS,"This CodeSystem defines list of options for uniquely Identifting a Client",
https://fhir-ig.digitalhealth.gov.ng/CodeSystem/ng-pcn-cs,0.0.0,active,"2.16.840.1.113884.3.9944.1.16.96",NgPcnCS,NG Practitioner Identifier CS,"This CodeSystem defines placeholder codes to manage Pharmcists' identifiers in Nigeria validated at  https://pcn.gov.ng/practice-number.",
https://fhir-ig.digitalhealth.gov.ng/CodeSystem/ng-pregnancy-status-cs,0.0.0,active,"2.16.840.1.113884.3.9944.1.16.97",NgPregnancyStatusCS,NG Client Pregnancy Status CS,"This CodeSystem defines list of options for Pregnancy status of a Client",
https://fhir-ig.digitalhealth.gov.ng/CodeSystem/ng-provenance-activity-cs,0.0.0,active,"2.16.840.1.113884.3.9944.1.16.98",NgProvenanceActivityCS,NG Provenance Activity Codes,"Local CodeSystem defining provenance activity codes for data lifecycle operations such as anonymization, de-identification, labeling, creation, and deletion.",
https://fhir-ig.digitalhealth.gov.ng/CodeSystem/ng-relationship-cs,0.0.0,active,"2.16.840.1.113884.3.9944.1.16.99",NgRelationshipsCS,NG Relationships CS,"This CodeSystem defines list of persons related to a patient, but who is not a direct target of care",
https://fhir-ig.digitalhealth.gov.ng/CodeSystem/ng-sibling-health-status-cs,0.0.0,active,"2.16.840.1.113884.3.9944.1.16.100",NgSiblingHealthStatusCS,NG Health Status CS,"This CodeSystem IMMZ.C.DE30 defines the health of the client's sibling",
https://fhir-ig.digitalhealth.gov.ng/CodeSystem/ng-states-cs,0.0.0,active,"2.16.840.1.113884.3.9944.1.16.101",NgStatesCS,NG States in Nigeria CS,"This CodeSystem defines ward codes and names mapped to their respective States in Nigeria.",
https://fhir-ig.digitalhealth.gov.ng/CodeSystem/ng-tb-screening-diagnostic-test-type-cs,0.0.0,active,"2.16.840.1.113884.3.9944.1.16.102",NgTBScreeningDiagnosticTestTypeCS,TB Screening Diagnostic Test Type Codes CodeSystem,"A list of codes describing the types of diagnostic tests that can be peformed on the specimen taken during TB screening.",
https://fhir-ig.digitalhealth.gov.ng/CodeSystem/ng-tb-tpt-alternate-follow-up-cs,0.0.0,active,"2.16.840.1.113884.3.9944.1.16.103",NgTbTPTAlternateFollowUpCS,TB TPT Alternate Follow-Up CodeSystem,"A code indicating that the follow-up is for an alternate TPT prophylaxis.",
https://fhir-ig.digitalhealth.gov.ng/CodeSystem/ng-tb-tpt-eligibility-status-cs,0.0.0,active,"2.16.840.1.113884.3.9944.1.16.104",NgTbTPTEligibilityStatusCS,TB Eligility Status for TPT Codes,"Observation codes used for indicating whether the patient is eligible for TPT.",
https://fhir-ig.digitalhealth.gov.ng/CodeSystem/ng-tb-tpt-prophylaxis-type-cs,0.0.0,active,"2.16.840.1.113884.3.9944.1.16.105",NgTbTPTProphylaxisTypeCS,TB TPT Prophylaxis Type Codes,"A list of codes describing the TPT prophylaxis type.",
https://fhir-ig.digitalhealth.gov.ng/CodeSystem/ng-tb-treatment-status-cs,0.0.0,active,"2.16.840.1.113884.3.9944.1.16.106",NgTBTreatmentStatusCS,TB Treatment Status Codes CodeSystem,"A list of codes describing the status of TB treatment.",
https://fhir-ig.digitalhealth.gov.ng/CodeSystem/ng-vaccine-icd-cs,0.0.0,active,"2.16.840.1.113884.3.9944.1.16.107",NgVaccineLibraryICD11CS,NG IMMZ.D.DE4 ICD11 Vaccine Library,"ICD11 code Immunization.vaccineCode. Dose/order is not encoded in codes; use protocolApplied.doseNumber[x].",
https://fhir-ig.digitalhealth.gov.ng/CodeSystem/ng-vaccine-local,0.0.0,active,"2.16.840.1.113884.3.9944.1.16.109",NgVaccineLocalCS,NG IMMZ.D.DE4 Vaccine Local Codes (Dose-labelled),"Locally defined vaccine codes used for data capture and UI labels. Doses are local; external systems map at antigen/product level.",
https://fhir-ig.digitalhealth.gov.ng/CodeSystem/ng-vaccine-local-to-snomed-cs,0.0.0,active,"2.16.840.1.113884.3.9944.1.16.108",NgVaccineLibrarySnomedCS,NG IMMZ.D.DE4 Vaccine Library (SNOMED CT),"SNOMED-CT code Immunization.vaccineCode. Dose/order is not encoded in codes; use protocolApplied.doseNumber[x].",
https://fhir-ig.digitalhealth.gov.ng/CodeSystem/ng-wards-cs,0.0.0,active,"2.16.840.1.113884.3.9944.1.16.110",NgWardsCS,NG Administrative Wards CS,"This CodeSystem defines ward codes and names mapped to their respective Local Government Areas (LGAs) in Nigeria.",
https://fhir-ig.digitalhealth.gov.ng/CodeSystem/ng-who-hiv-concepts-cs,0.0.0,active,"2.16.840.1.113884.3.9944.1.16.114",NgWhoHivConceptsCS,Nigeria Local WHO HIV Concepts,"Local Nigeria CodeSystem containing the subset of WHO SMART HIV concept codes used by the Nigeria HIV terminology mappings. Code values are preserved exactly from the supplied WHO HIV concept list. Full concepts can be found here: https://smart.who.int/hiv/CodeSystem-HIVConcepts.htmlhttps://smart.who.int/hiv/CodeSystem-HIVConcepts.html",
https://fhir-ig.digitalhealth.gov.ng/CodeSystem/ng-yes-no-cs,0.0.0,active,"2.16.840.1.113884.3.9944.1.16.111",NgYesNoCS,Yes/No Codes,"Yes/No Codes Represented as Boolean.",
https://fhir-ig.digitalhealth.gov.ng/CodeSystem/nigeria-languages,0.0.0,active,"2.16.840.1.113884.3.9944.1.16.112",NGLanguagesCS,NG Languages in Nigeria CS,"This CodeSystem defines codes for major languages spoken across Nigeria.",
