Source File	Size	loadResources	load	generateSnapshots	load-configure	scan	loadDepInfo	loadInfo	checkR4R4B	generateNarratives	validate	loadLists	checkConformanceResources	checkConformanceResources2	checkConformanceResources3	generateLogicalMaps	validateExpressions	scanForUsageStats	checkURLsUnique	processProvenanceDetails	generate1	generate2	responsesForQuestionnaire	generateLogicals	makeDependencies	generateExampleZip	generateValidationPack	scanProfilesForR5	scanExamplesForR5
/fsh-generated/resources/ImplementationGuide-ng.gov.digitalhealth.fhir-ig.json	187579	-	0	0	0	0	0	0	54	157	0	0	0	0	0	0	0	4	0	0	1259	4053	0	0	1	0	59	0	6
fsh-generated/resources/ActorDefinition-NgCoreConformanceSandboxService.json	4307	4	0	0	2	0	0	0	0	26	0	0	0	0	0	0	0	0	0	0	48	205	0	0	0	0	1	0	0
fsh-generated/resources/ActorDefinition-NgCoreRegistryService.json	3633	2	0	0	1	0	0	0	0	13	0	0	0	0	0	0	0	0	0	0	37	35	0	0	0	0	2	0	0
fsh-generated/resources/ActorDefinition-NgCoreRequestor.json	2644	2	0	0	0	0	0	0	1	7	0	0	0	0	0	0	0	0	0	0	34	35	0	0	0	0	1	0	0
fsh-generated/resources/ActorDefinition-NgCoreResponder.json	2953	1	0	0	0	0	0	0	0	7	0	0	0	0	0	0	0	0	0	0	47	33	0	0	0	0	0	0	1
fsh-generated/resources/ActorDefinition-NgCoreTerminologyService.json	3553	2	0	0	1	0	0	0	0	10	0	0	0	0	0	0	0	0	0	0	51	37	0	0	0	0	1	0	0
fsh-generated/resources/AllergyIntolerance-NgAllergyIntoleranceImmunizationOndoExample.json	1848	3	0	0	0	0	0	0	1	4467	0	0	0	0	0	0	0	0	0	0	31	87	0	0	0	1	0	0	0
fsh-generated/resources/Appointment-NgAppointment-001.json	516	1	0	0	0	0	0	0	0	12	0	0	0	0	0	0	0	0	0	0	17	38	0	0	0	0	0	0	0
fsh-generated/resources/CapabilityStatement-NgCoreServerRequirements.json	165952	18	0	0	0	0	1	0	11	1	0	0	0	0	0	0	0	0	0	0	578	237	0	0	6	0	13	0	0
fsh-generated/resources/CapabilityStatement-NgGeneralHospitalRegistryCapability.json	27056	5	0	0	0	0	0	0	1	0	0	0	0	0	0	0	0	0	0	0	111	36	0	0	0	1	3	0	0
fsh-generated/resources/CapabilityStatement-NgGeneralHospitalRequestorCapability.json	84351	8	0	0	0	0	0	0	6	0	0	0	0	0	0	0	0	0	0	0	306	65	0	0	1	0	7	0	1
fsh-generated/resources/CapabilityStatement-NgGeneralHospitalResponderCapability.json	84324	8	0	0	1	0	0	0	4	0	0	0	0	0	0	0	0	1	0	0	256	81	0	0	0	0	6	0	0
fsh-generated/resources/CapabilityStatement-NgGeneralHospitalSandboxCapability.json	28299	4	0	0	0	0	0	0	29	0	0	0	0	0	0	0	0	0	0	0	105	43	0	0	0	0	3	0	0
fsh-generated/resources/CapabilityStatement-NgGeneralHospitalTerminologyCapability.json	17134	4	0	0	0	0	0	0	2	0	0	0	0	0	0	0	0	0	0	0	128	48	0	0	0	0	2	0	0
fsh-generated/resources/CapabilityStatement-NgPHCRegistryCapability.json	18334	3	0	0	0	0	0	0	0	0	0	0	0	0	0	0	0	0	0	0	66	36	0	0	0	0	3	0	0
fsh-generated/resources/CapabilityStatement-NgPHCRequestorCapability.json	54134	6	0	0	1	0	0	0	3	1	0	0	0	0	0	0	0	0	0	0	166	42	0	0	0	0	4	0	0
fsh-generated/resources/CapabilityStatement-NgPHCResponderCapability.json	54077	6	0	0	0	0	0	0	3	0	0	0	0	0	0	0	0	0	0	0	159	49	0	0	1	0	3	0	0
fsh-generated/resources/CapabilityStatement-NgPHCSandboxCapability.json	20058	4	0	0	0	0	0	0	1	0	0	0	0	0	0	0	0	0	0	0	72	31	0	0	0	0	2	0	0
fsh-generated/resources/CapabilityStatement-NgPHCTerminologyCapability.json	14033	3	0	0	0	0	0	0	1	0	0	0	0	0	0	0	0	0	0	0	56	23	0	0	0	0	2	0	0
fsh-generated/resources/CapabilityStatement-NgTertiaryRegistryCapability.json	32800	5	0	0	2	0	0	0	1	0	0	0	0	0	0	0	0	0	0	0	104	36	0	0	0	0	3	0	1
fsh-generated/resources/CapabilityStatement-NgTertiaryRequestorCapability.json	99188	9	0	0	0	0	0	0	6	0	0	0	0	0	0	0	0	0	0	0	268	75	0	0	1	0	8	0	0
fsh-generated/resources/CapabilityStatement-NgTertiaryResponderCapability.json	99195	10	0	0	0	0	0	0	6	0	0	0	0	0	0	0	0	0	0	0	316	117	0	0	0	0	7	0	0
fsh-generated/resources/CapabilityStatement-NgTertiarySandboxCapability.json	33770	4	0	0	1	0	0	0	1	1	0	0	0	0	0	0	0	0	0	0	93	38	0	0	1	0	2	0	0
fsh-generated/resources/CapabilityStatement-NgTertiaryTerminologyCapability.json	17621	4	0	0	0	0	0	0	1	0	0	0	0	0	0	0	0	1	0	0	68	30	0	0	0	0	2	0	0
fsh-generated/resources/CarePlan-NgCarePlan-001.json	644	1	0	0	0	0	0	0	1	9	0	0	0	0	0	0	0	0	0	0	18	40	0	0	0	1	0	0	0
fsh-generated/resources/Claim-NgClaim-001.json	2072	2	0	0	0	0	0	0	0	27	0	0	0	0	0	0	0	0	0	0	27	69	0	0	0	0	0	0	0
fsh-generated/resources/ClaimResponse-NgClaimResponse-001.json	701	2	0	0	0	0	0	0	0	10	0	0	0	0	0	0	0	0	0	0	19	42	0	0	0	0	0	0	0
fsh-generated/resources/ClaimResponse-NgClaimResponse-002.json	717	2	0	0	0	0	0	0	0	9	0	0	0	0	0	0	0	0	0	0	15	28	0	0	0	0	0	0	0
fsh-generated/resources/CodeSystem-age-component-codes-cs.json	4754	2	0	0	0	0	0	0	1	15	0	0	0	0	0	0	0	0	0	0	54	180	0	0	0	0	2	0	0
fsh-generated/resources/CodeSystem-ng-alert-category-cs.json	2647	2	0	0	1	0	0	0	0	7	0	0	0	0	0	0	0	0	0	0	28	65	0	0	0	0	1	0	0
fsh-generated/resources/CodeSystem-ng-alert-code-cs.json	4545	2	0	0	0	0	0	0	1	11	0	0	0	0	0	0	0	0	0	0	51	76	0	0	0	0	1	0	1
fsh-generated/resources/CodeSystem-ng-atc-medication-cs.json	8131	3	0	0	1	0	0	0	0	11	0	0	0	0	0	0	0	0	1	0	72	91	0	0	0	0	2	0	0
fsh-generated/resources/CodeSystem-ng-bundle-identifier-cs.json	2762	1	0	0	0	0	0	0	1	5	0	0	0	0	0	0	0	0	0	0	27	64	0	0	0	0	1	0	0
fsh-generated/resources/CodeSystem-ng-careplan-activity-cs.json	1942	2	0	0	0	0	0	0	0	4	0	0	0	0	0	0	0	0	0	0	27	58	0	0	0	0	1	0	0
fsh-generated/resources/CodeSystem-ng-careplan-category-cs.json	1432	1	0	0	0	0	0	0	0	6	0	0	0	0	0	0	0	0	0	0	19	58	0	0	0	0	1	0	0
fsh-generated/resources/CodeSystem-ng-children-developmental-milestone-cs.json	719	2	0	0	0	0	0	0	1	7	0	0	0	0	0	0	0	0	0	0	19	60	0	0	0	0	0	0	0
fsh-generated/resources/CodeSystem-ng-claim-product-or-service-cs.json	7259	2	0	0	1	0	0	0	1	10	0	0	0	0	0	0	0	0	0	0	75	101	0	0	0	0	2	0	0
fsh-generated/resources/CodeSystem-ng-clinical-status-cs.json	1768	2	0	0	0	0	0	0	0	6	0	0	0	0	0	0	0	0	0	0	23	85	0	0	0	0	1	0	0
fsh-generated/resources/CodeSystem-ng-device-identifier-cs.json	4740	2	0	0	0	0	0	0	1	9	0	0	0	0	0	0	0	0	0	0	45	74	0	0	0	0	2	0	0
fsh-generated/resources/CodeSystem-ng-device-metric-category-cs.json	1108	2	0	0	0	0	0	0	1	5	0	0	0	0	0	0	0	0	0	0	18	57	0	0	0	0	0	0	0
fsh-generated/resources/CodeSystem-ng-device-type-cs.json	1116	2	0	0	0	0	0	0	0	4	0	0	1	0	0	0	0	0	0	0	18	54	0	0	0	0	1	0	0
fsh-generated/resources/CodeSystem-ng-eligibility-request-id-cs.json	842	1	0	0	0	0	0	0	0	6	0	0	0	0	0	0	0	0	0	0	20	64	0	0	0	0	1	0	0
fsh-generated/resources/CodeSystem-ng-facility-identifier-cs.json	1471	2	0	0	0	0	0	0	1	5	0	0	0	0	0	0	0	0	0	0	22	85	0	0	0	0	0	0	0
fsh-generated/resources/CodeSystem-ng-facility-type-cs.json	2236	1	0	0	0	0	0	0	0	6	0	0	0	0	0	0	0	0	0	0	36	71	0	0	0	0	1	0	0
fsh-generated/resources/CodeSystem-ng-hiv-absent-unknown-cs.json	802	2	0	0	0	0	0	0	0	5	0	0	0	0	0	0	0	0	0	0	16	55	0	0	0	0	1	0	0
fsh-generated/resources/CodeSystem-ng-hiv-art-eligibility-status-cs.json	708	1	0	0	1	0	0	0	0	5	0	0	0	0	0	0	0	0	0	0	26	54	0	0	0	0	0	0	0
fsh-generated/resources/CodeSystem-ng-hiv-art-follow-up-status-cs.json	919	2	0	0	0	0	0	0	1	6	0	0	0	0	0	0	0	0	0	0	16	54	0	0	0	0	1	0	0
fsh-generated/resources/CodeSystem-ng-hiv-art-monthly-summary-cs.json	10536	2	0	0	0	0	0	0	1	12	0	0	0	0	0	0	0	1	0	0	108	75	0	0	0	0	3	0	0
fsh-generated/resources/CodeSystem-ng-hiv-art-register-cervical-status-cs.json	1320	2	0	0	0	0	0	0	0	7	0	0	0	0	0	0	0	0	0	0	21	46	0	0	0	0	1	0	0
fsh-generated/resources/CodeSystem-ng-hiv-art-register-cryptococcal-status-cs.json	1348	2	0	0	0	0	0	0	0	3	0	0	0	0	0	0	0	0	0	0	21	42	0	0	0	0	0	0	0
fsh-generated/resources/CodeSystem-ng-hiv-art-register-dsd-status-cs.json	2039	2	0	0	0	0	0	0	1	4	0	0	0	0	0	0	0	0	0	0	30	43	0	0	0	0	1	0	0
fsh-generated/resources/CodeSystem-ng-hiv-art-register-hepatitis-status-cs.json	980	1	0	0	0	0	0	0	0	3	0	0	0	0	0	0	0	0	0	0	15	44	0	0	0	0	0	0	0
fsh-generated/resources/CodeSystem-ng-hiv-art-register-regimen-cs.json	4470	2	0	0	0	0	0	0	1	8	0	0	0	0	0	0	0	0	0	0	47	59	0	0	0	0	2	0	0
fsh-generated/resources/CodeSystem-ng-hiv-art-register-tb-status-cs.json	1419	2	0	0	0	0	0	0	0	4	0	0	0	0	0	0	0	0	0	0	20	44	0	0	0	0	0	0	0
fsh-generated/resources/CodeSystem-ng-hiv-art-register-tpt-outcome-cs.json	918	2	0	0	0	0	0	0	1	10	0	0	0	0	0	0	0	0	0	0	22	45	0	0	0	0	1	0	0
fsh-generated/resources/CodeSystem-ng-hiv-arv-adherence-cs.json	459	1	0	0	0	0	0	0	0	7	0	0	0	0	0	0	0	0	0	0	12	48	0	0	0	0	0	0	0
fsh-generated/resources/CodeSystem-ng-hiv-arv-regimen-change-category-cs.json	632	1	0	0	0	0	0	0	0	4	0	0	0	0	0	0	0	0	0	0	15	51	0	0	0	0	1	0	0
fsh-generated/resources/CodeSystem-ng-hiv-arv-regimen-substitute-type-cs.json	993	5	0	0	1	0	0	0	0	8	0	0	0	0	0	0	0	0	0	0	26	52	0	0	0	0	0	0	0
fsh-generated/resources/CodeSystem-ng-hiv-arv-regimen-switch-type-cs.json	697	1	0	0	0	0	0	0	0	4	0	0	0	0	0	0	0	0	0	0	21	51	0	0	0	0	0	0	0
fsh-generated/resources/CodeSystem-ng-hiv-arv-treatment-cs.json	5665	3	0	0	0	0	0	0	1	8	0	0	0	0	0	0	0	0	0	0	70	65	0	0	0	0	2	0	0
fsh-generated/resources/CodeSystem-ng-hiv-care-art-codes-cs.json	9729	4	0	0	0	0	0	0	1	24	0	0	0	0	0	0	0	0	0	0	118	76	0	0	0	0	2	0	0
fsh-generated/resources/CodeSystem-ng-hiv-care-plan-category-cs.json	972	2	0	0	0	0	0	0	0	3	0	0	0	0	0	0	0	0	0	0	20	52	0	0	0	0	1	0	0
fsh-generated/resources/CodeSystem-ng-hiv-cd4-vl-classification-for-treatment-failure-cs.json	919	1	0	0	0	0	0	0	0	4	0	0	0	0	0	0	0	1	0	0	22	52	0	0	0	0	0	0	0
fsh-generated/resources/CodeSystem-ng-hiv-cervical-cancer-screening-hpv-result-cs.json	785	2	0	0	0	0	0	0	1	3	0	0	0	0	0	0	0	0	0	0	16	51	0	0	0	0	3	0	0
fsh-generated/resources/CodeSystem-ng-hiv-cervical-cancer-screening-method-cs.json	802	2	0	0	0	0	0	0	0	5	0	0	0	0	0	0	0	0	0	0	22	49	0	0	0	0	0	0	0
fsh-generated/resources/CodeSystem-ng-hiv-cervical-cancer-screening-type-cs.json	760	2	0	0	0	0	0	0	0	4	0	0	0	0	0	0	0	0	0	0	17	49	0	0	0	1	1	0	0
fsh-generated/resources/CodeSystem-ng-hiv-cervical-cancer-screening-via-result-cs.json	1099	2	0	0	0	0	0	0	0	4	0	0	0	0	0	0	0	0	0	0	18	47	0	0	0	0	1	0	0
fsh-generated/resources/CodeSystem-ng-hiv-diagnosis-cs.json	732	1	0	0	0	0	0	0	0	3	0	0	0	0	0	0	0	0	0	0	20	39	0	0	0	0	0	0	0
fsh-generated/resources/CodeSystem-ng-hiv-dsd-assessment-cs.json	512	2	0	0	0	0	0	0	1	4	0	0	0	0	0	0	0	0	0	0	15	40	0	0	0	0	1	0	1
fsh-generated/resources/CodeSystem-ng-hiv-dsd-assessment-status-cs.json	615	1	0	0	0	0	0	0	0	4	0	0	0	0	0	0	0	0	0	0	14	45	0	0	0	0	0	0	0
fsh-generated/resources/CodeSystem-ng-hiv-dsd-category-cs.json	1257	1	0	0	1	0	0	0	0	5	0	0	0	0	0	0	0	0	0	0	26	45	0	0	0	0	0	0	0
fsh-generated/resources/CodeSystem-ng-hiv-dsd-reason-for-category-change-cs.json	998	2	0	0	0	0	0	0	0	4	0	0	0	0	0	0	0	0	0	0	17	55	0	0	0	0	1	0	0
fsh-generated/resources/CodeSystem-ng-hiv-eac-form-cs.json	7376	2	0	0	0	0	0	0	1	8	0	0	0	0	0	0	0	0	0	0	68	70	0	0	0	0	1	0	0
fsh-generated/resources/CodeSystem-ng-hiv-eac-given-cs.json	806	2	0	0	0	0	0	0	0	4	0	0	0	0	0	0	0	0	0	0	22	66	0	0	0	0	1	0	0
fsh-generated/resources/CodeSystem-ng-hiv-eac-register-virologic-failure-cause-cs.json	1918	2	0	0	0	0	0	0	0	3	0	0	0	0	0	0	0	0	0	0	20	50	0	0	0	0	0	0	0
fsh-generated/resources/CodeSystem-ng-hiv-encounter-service-type-cs.json	543	2	0	0	0	0	0	0	1	3	0	0	0	0	0	0	0	0	0	0	20	54	0	0	0	0	1	0	0
fsh-generated/resources/CodeSystem-ng-hiv-encounter-type-for-entry-from-outside-facility-cs.json	725	3	0	0	0	0	0	0	0	4	0	0	0	0	0	0	0	0	0	0	13	51	0	0	0	0	0	0	0
fsh-generated/resources/CodeSystem-ng-hiv-encounter-visit-type-cs.json	630	1	0	0	0	0	0	0	0	3	0	0	0	0	0	0	0	0	0	0	13	48	0	0	0	0	1	0	0
fsh-generated/resources/CodeSystem-ng-hiv-enhanced-adherence-counselling-status-cs.json	600	1	0	0	0	0	0	0	0	3	0	0	0	0	0	0	0	0	0	0	18	48	0	0	0	0	0	0	0
fsh-generated/resources/CodeSystem-ng-hiv-family-index-case-contacts-questionnaire-cs.json	670	1	0	0	0	0	0	0	0	3	0	0	0	0	0	0	0	0	0	0	20	46	0	0	0	0	0	0	0
fsh-generated/resources/CodeSystem-ng-hiv-final-outcome-cs.json	925	1	0	0	0	0	0	0	0	3	0	0	0	0	0	0	0	0	0	0	17	55	0	0	0	0	1	0	0
fsh-generated/resources/CodeSystem-ng-hiv-index-case-partner-questionnaire-cs.json	2043	2	0	0	1	0	0	0	1	4	0	0	0	0	0	0	0	0	0	0	32	55	0	0	0	0	1	0	0
fsh-generated/resources/CodeSystem-ng-hiv-int-lab-form-cs.json	9560	3	0	0	0	0	0	0	1	8	0	0	0	0	0	0	0	0	0	0	91	56	0	0	0	0	2	0	0
fsh-generated/resources/CodeSystem-ng-hiv-int-lab-register-cs.json	4160	1	0	0	0	0	0	0	0	6	0	0	0	0	0	0	0	0	0	0	37	48	0	0	0	0	2	0	0
fsh-generated/resources/CodeSystem-ng-hiv-occupation-cs.json	70354	10	0	0	0	0	0	0	7	56	0	0	0	0	0	0	0	1	0	0	660	340	0	0	0	0	31	0	0
fsh-generated/resources/CodeSystem-ng-hiv-partner-and-fbict-cs.json	872	1	0	0	0	0	0	0	0	3	0	0	0	0	0	0	0	0	0	0	21	64	0	0	0	0	1	0	0
fsh-generated/resources/CodeSystem-ng-hiv-partner-notification-plan-cs.json	946	2	0	0	0	0	0	0	0	2	0	0	0	0	0	0	0	0	0	0	23	63	0	0	0	0	1	0	0
fsh-generated/resources/CodeSystem-ng-hiv-period-of-hiv-exposure-cs.json	716	1	0	0	0	0	0	0	1	4	0	0	0	0	0	0	0	0	0	0	15	63	0	0	0	0	0	0	0
fsh-generated/resources/CodeSystem-ng-hiv-pharmacy-order-cs.json	9020	2	0	0	1	0	0	1	0	10	0	0	0	0	0	0	0	0	0	0	88	89	0	0	0	0	2	0	0
fsh-generated/resources/CodeSystem-ng-hiv-pharmacy-worksheet-arv-prophylaxis-cs.json	1191	1	0	0	0	0	0	0	1	3	0	0	0	0	0	0	0	0	0	0	19	80	0	0	0	0	0	0	0
fsh-generated/resources/CodeSystem-ng-hiv-pharmacy-worksheet-dsd-model-cs.json	892	2	0	0	0	0	0	0	0	4	0	0	0	0	0	0	0	0	0	0	14	80	0	0	0	0	0	0	0
fsh-generated/resources/CodeSystem-ng-hiv-pharmacy-worksheet-medicine-category-cs.json	1342	1	0	0	0	0	0	0	0	4	0	0	0	0	0	0	0	0	0	0	21	85	0	0	0	0	0	0	0
fsh-generated/resources/CodeSystem-ng-hiv-pharmacy-worksheet-medicine-cs.json	10036	3	0	0	0	0	0	0	1	10	0	0	1	0	0	0	0	0	0	0	100	96	0	0	0	0	2	0	0
fsh-generated/resources/CodeSystem-ng-hiv-pharmacy-worksheet-summary-scope-cs.json	1015	1	0	0	0	0	0	0	0	5	0	0	0	0	0	0	0	0	0	0	14	69	0	0	0	0	1	0	0
fsh-generated/resources/CodeSystem-ng-hiv-positive-tracking-cs.json	756	1	0	0	0	0	0	0	0	4	0	0	0	0	0	0	0	0	0	0	14	81	0	0	0	0	0	0	0
fsh-generated/resources/CodeSystem-ng-hiv-precancerous-lesion-treatment-received-cs.json	1060	2	0	0	0	0	0	0	1	10	0	0	0	0	0	0	0	0	0	0	23	83	0	0	0	0	1	0	0
fsh-generated/resources/CodeSystem-ng-hiv-reason-for-art-eligibility-cs.json	973	1	0	0	0	0	0	0	0	5	0	0	0	0	0	0	0	0	0	0	18	76	0	0	0	0	0	0	0
fsh-generated/resources/CodeSystem-ng-hiv-reason-not-started-art-cs.json	1010	2	0	0	0	0	0	0	0	4	0	0	0	0	0	0	0	0	0	0	19	71	0	0	0	0	1	0	0
fsh-generated/resources/CodeSystem-ng-hiv-routine-indication-viral-load-cs.json	1788	1	0	0	0	0	0	0	0	3	0	0	0	0	0	0	0	0	0	0	24	83	0	0	0	0	1	0	0
fsh-generated/resources/CodeSystem-ng-hiv-service-provider-cs.json	1125	2	0	0	0	0	0	0	1	3	0	0	0	0	0	0	0	0	0	0	18	83	0	0	0	0	1	0	0
fsh-generated/resources/CodeSystem-ng-hiv-status-cs.json	1005	2	0	0	0	0	0	0	0	4	0	0	0	0	0	0	0	0	0	0	20	82	0	0	0	0	0	0	0
fsh-generated/resources/CodeSystem-ng-hiv-suspicious-cancerous-treatment-cs.json	955	1	0	0	0	0	0	0	0	4	0	0	0	0	0	0	0	0	0	0	15	100	0	0	0	0	0	0	1
fsh-generated/resources/CodeSystem-ng-hiv-target-population-category-cs.json	1624	2	0	0	0	0	0	0	0	5	0	0	0	0	0	0	0	1	0	0	30	92	0	0	0	0	1	0	0
fsh-generated/resources/CodeSystem-ng-hiv-targeted-indication-viral-load-cs.json	759	2	0	0	0	0	0	0	1	4	0	0	0	0	0	0	0	0	0	0	15	95	0	0	0	0	0	0	0
fsh-generated/resources/CodeSystem-ng-hiv-tracking-attempt-stage-cs.json	1205	1	0	0	0	0	0	0	0	5	0	0	0	0	0	0	0	0	0	0	18	81	0	0	0	0	1	0	0
fsh-generated/resources/CodeSystem-ng-hiv-tracking-default-reason-cs.json	1546	2	0	0	1	0	0	0	0	4	0	0	0	0	0	0	0	0	0	0	24	75	0	0	0	0	0	0	0
fsh-generated/resources/CodeSystem-ng-hiv-tracking-discontinuation-reason-cs.json	1072	2	0	0	0	0	0	0	0	3	0	0	0	0	0	0	0	0	0	0	15	79	0	0	0	0	1	0	0
fsh-generated/resources/CodeSystem-ng-hiv-tracking-dsd-model-cs.json	861	1	0	0	0	0	0	0	0	3	0	0	0	0	0	0	0	0	0	0	15	72	0	0	0	0	1	0	0
fsh-generated/resources/CodeSystem-ng-hiv-tracking-dsd-status-cs.json	1052	3	0	0	0	0	0	0	1	9	0	0	0	0	0	0	0	0	0	0	20	73	0	0	0	0	0	0	0
fsh-generated/resources/CodeSystem-ng-hiv-tracking-mode-cs.json	818	1	0	0	0	0	0	0	0	4	0	0	0	0	0	0	0	0	0	0	13	69	0	0	0	0	1	0	0
fsh-generated/resources/CodeSystem-ng-hiv-tracking-person-contacted-cs.json	999	2	0	0	0	0	0	0	0	4	0	0	0	0	0	0	0	0	0	0	14	73	0	0	0	0	1	0	0
fsh-generated/resources/CodeSystem-ng-hiv-tracking-reason-cs.json	1067	2	0	0	0	0	0	0	0	4	0	0	0	0	0	0	0	0	0	0	22	70	0	0	0	1	0	0	0
fsh-generated/resources/CodeSystem-ng-hiv-transfer-reason-cs.json	1677	2	0	0	0	0	0	0	1	5	0	0	0	0	0	0	0	0	0	0	21	78	0	0	0	0	1	0	0
fsh-generated/resources/CodeSystem-ng-hiv-who-stage-cs.json	909	1	0	0	0	0	0	0	0	5	0	0	0	0	0	0	0	0	0	0	23	77	0	0	0	0	1	0	0
fsh-generated/resources/CodeSystem-ng-immunization-contraindication-cs.json	1861	2	0	0	1	0	0	0	0	5	0	0	0	0	0	0	0	0	0	0	22	73	0	0	0	0	1	0	0
fsh-generated/resources/CodeSystem-ng-immunization-session-type-cs.json	1471	2	0	0	0	0	0	0	1	4	0	0	0	0	0	0	0	0	0	0	22	77	0	0	0	0	1	0	0
fsh-generated/resources/CodeSystem-ng-lgas-cs.json	81745	11	0	0	0	0	0	0	13	74	0	0	0	0	0	0	0	1	0	0	684	848	0	0	0	0	42	0	0
fsh-generated/resources/CodeSystem-ng-mdcn-cs.json	1210	2	0	0	1	0	0	0	0	4	0	0	0	0	0	0	0	0	0	0	19	82	0	0	0	0	3	0	0
fsh-generated/resources/CodeSystem-ng-nutritional-screening-result-cs.json	706	1	0	0	0	0	0	0	0	3	0	0	0	0	0	0	0	0	0	0	12	63	0	0	0	0	2	0	0
fsh-generated/resources/CodeSystem-ng-nutritional-suppliments-provided-cs.json	680	1	0	0	0	0	0	0	1	3	0	0	0	0	0	0	0	0	0	0	13	76	0	0	0	0	1	0	0
fsh-generated/resources/CodeSystem-ng-observation-code.json	896	2	0	0	0	0	1	0	0	4	0	0	0	0	0	0	0	0	0	0	14	100	0	0	0	0	0	0	0
fsh-generated/resources/CodeSystem-ng-organization-owner-cs.json	963	2	0	0	0	0	0	0	0	3	0	0	0	0	0	0	0	0	0	0	19	87	0	0	0	0	1	0	1
fsh-generated/resources/CodeSystem-ng-patient-education-level-cs.json	871	1	0	0	0	0	0	0	0	3	0	0	0	0	0	0	0	0	0	0	15	63	0	0	0	0	0	0	0
fsh-generated/resources/CodeSystem-ng-patient-identifier-type-cs.json	1493	1	0	0	1	0	0	0	1	4	0	0	0	0	0	0	0	0	0	0	21	70	0	0	0	0	1	0	0
fsh-generated/resources/CodeSystem-ng-pcn-cs.json	841	2	0	0	0	0	0	0	0	3	0	0	0	0	0	0	0	0	0	0	16	49	0	0	0	0	0	0	0
fsh-generated/resources/CodeSystem-ng-pregnancy-status-cs.json	1067	1	0	0	0	0	0	0	0	3	0	0	0	0	0	0	0	0	0	0	14	52	0	0	0	0	1	0	0
fsh-generated/resources/CodeSystem-ng-provenance-activity-cs.json	2573	2	0	0	0	0	0	0	0	3	0	0	0	0	0	0	0	0	0	0	36	61	0	0	0	0	1	0	0
fsh-generated/resources/CodeSystem-ng-relationship-cs.json	1610	2	0	0	0	0	0	0	1	3	0	0	0	0	0	0	0	0	0	0	20	58	0	0	0	0	0	0	0
fsh-generated/resources/CodeSystem-ng-sibling-health-status-cs.json	1144	2	0	0	0	0	0	0	1	3	0	0	0	0	0	0	0	0	0	0	21	53	0	0	0	0	1	0	0
fsh-generated/resources/CodeSystem-ng-states-cs.json	2868	2	0	0	0	0	0	0	1	4	0	0	0	0	0	0	0	0	0	0	29	55	0	0	0	0	0	0	0
fsh-generated/resources/CodeSystem-ng-tb-screening-diagnostic-test-type-cs.json	1071	1	0	0	0	0	0	0	0	3	0	0	0	0	0	0	0	0	0	0	24	50	0	0	0	0	1	0	0
fsh-generated/resources/CodeSystem-ng-tb-tpt-alternate-follow-up-cs.json	585	2	0	0	0	0	0	0	0	2	0	0	0	0	0	0	0	0	0	0	14	53	0	0	0	0	1	0	0
fsh-generated/resources/CodeSystem-ng-tb-tpt-eligibility-status-cs.json	674	1	0	0	0	0	0	0	0	2	0	0	0	0	0	0	0	0	0	0	14	55	0	0	0	0	0	0	0
fsh-generated/resources/CodeSystem-ng-tb-tpt-prophylaxis-type-cs.json	648	2	0	0	1	0	0	0	0	3	0	0	0	0	0	0	0	0	0	0	18	55	0	0	0	0	1	0	0
fsh-generated/resources/CodeSystem-ng-tb-treatment-status-cs.json	1102	2	0	0	0	0	0	0	1	3	0	0	0	0	0	0	0	0	0	0	18	56	0	0	0	0	0	0	0
fsh-generated/resources/CodeSystem-ng-vaccine-icd-cs.json	1393	1	0	0	0	0	0	0	0	2	0	0	0	0	0	0	0	1	0	0	23	57	0	0	0	0	1	0	0
fsh-generated/resources/CodeSystem-ng-vaccine-local-to-snomed-cs.json	1454	2	0	0	0	0	0	0	1	3	0	0	0	0	0	0	0	0	0	0	24	50	0	0	0	0	1	0	0
fsh-generated/resources/CodeSystem-ng-vaccine-local.json	2939	2	0	0	0	0	0	0	1	3	0	0	0	0	0	0	0	0	0	0	36	58	0	0	0	0	1	0	0
fsh-generated/resources/CodeSystem-ng-wards-cs.json	1775	1	0	0	0	0	0	0	0	3	0	0	0	0	0	0	0	0	0	0	21	52	0	0	0	0	1	0	0
fsh-generated/resources/CodeSystem-ng-who-hiv-concepts-cs.json	6376	2	0	0	0	0	0	0	1	4	0	0	0	0	0	0	0	0	0	0	63	57	0	0	0	0	1	0	0
fsh-generated/resources/CodeSystem-ng-yes-no-cs.json	485	1	0	0	0	0	0	0	0	3	0	0	0	0	0	0	0	0	0	0	19	58	0	0	0	0	1	0	0
fsh-generated/resources/CodeSystem-nigeria-languages.json	2064	2	0	0	0	0	0	0	0	3	0	0	0	0	0	0	0	0	0	0	22	56	0	0	0	0	4	0	0
fsh-generated/resources/Communication-NgCommunication-MNCH-001.json	673	2	0	0	0	0	0	0	1	5	0	0	0	0	0	0	0	0	0	0	17	63	0	0	0	0	0	0	0
fsh-generated/resources/ConceptMap-NgHivDiagnosisToICD11.json	1508	1	0	0	1	0	0	0	0	6	0	0	0	0	0	0	0	0	0	0	26	55	0	0	1	0	1	0	0
fsh-generated/resources/ConceptMap-NgHivLOINCToSNOMEDCT.json	1860	2	0	0	0	0	0	0	0	5	0	0	0	0	0	0	0	0	0	0	22	35	0	0	0	0	0	0	0
fsh-generated/resources/ConceptMap-NgHivLocalToLOINC.json	10188	3	0	0	0	0	0	0	1	24	0	0	0	0	0	0	0	1	0	0	92	79	0	0	1	0	2	0	0
fsh-generated/resources/ConceptMap-NgHivLocalToSNOMEDCT.json	4880	2	0	0	0	0	0	0	1	11	0	0	0	0	0	0	0	0	0	0	46	55	0	0	0	0	2	0	0
fsh-generated/resources/ConceptMap-NgHivLocalToWHOHiv.json	11764	2	0	0	0	0	0	0	1	18	0	0	0	0	0	0	0	0	0	0	93	60	0	0	0	0	3	0	0
fsh-generated/resources/ConceptMap-NgVaccineLocal-to-ICD11.json	6698	2	0	0	1	0	0	0	1	12	0	0	0	0	0	0	0	1	0	0	49	58	0	0	0	0	1	0	0
fsh-generated/resources/ConceptMap-NgVaccineLocal-to-SNOMED.json	6722	2	0	0	0	0	0	0	1	7	0	0	0	0	0	0	0	1	0	0	46	56	0	0	0	0	2	0	0
fsh-generated/resources/Condition-NgCondition-001.json	1437	2	0	0	0	0	0	0	0	4	0	0	0	0	0	0	0	0	0	0	15	55	0	0	0	0	0	0	0
fsh-generated/resources/Consent-NgConsent-001.json	1096	2	0	0	0	0	0	0	0	118	0	0	0	0	0	0	0	0	0	0	29	59	0	0	0	1	0	0	0
fsh-generated/resources/Coverage-Coverage-Chika-TruthHMO.json	1521	2	0	0	0	0	0	0	0	4	0	0	0	0	0	0	0	0	0	0	13	78	0	0	0	0	0	0	0
fsh-generated/resources/Coverage-NgCoverage-001.json	480	1	0	0	0	0	0	0	0	3	0	0	0	0	0	0	0	0	0	0	10	41	0	0	0	0	0	0	0
fsh-generated/resources/Coverage-NgCoverage-002.json	480	2	0	0	0	0	0	0	0	4	0	0	0	0	0	0	0	0	0	0	13	36	0	0	0	0	0	0	0
fsh-generated/resources/CoverageEligibilityRequest-NgCoverageEligibilityRequest-ChikaEmergency.json	845	1	0	0	0	0	0	0	0	3	0	0	0	0	0	0	0	0	0	0	12	48	0	0	0	1	0	0	0
fsh-generated/resources/CoverageEligibilityResponse-NgCoverageEligibilityResponse-ChikaEmergency.json	982	2	0	0	0	0	0	0	0	4	0	0	0	0	0	0	0	0	0	0	16	1007	0	0	0	0	0	0	0
fsh-generated/resources/CoverageEligibilityResponse-NgCoverageEligibilityResponse-ChikaXrayApproved.json	3584	1	0	0	0	0	0	0	0	26	0	0	0	0	0	0	0	0	0	0	30	77	0	0	0	0	0	0	1
fsh-generated/resources/Device-NgDevice-001.json	739	1	0	0	0	0	0	0	0	4	0	0	0	0	0	0	0	0	0	0	12	56	0	0	0	0	0	0	0
fsh-generated/resources/DeviceRequest-NgDeviceRequest-001.json	931	2	0	0	1	0	0	0	1	5	0	0	0	0	0	0	0	0	0	0	13	54	0	0	0	0	0	0	0
fsh-generated/resources/DiagnosticReport-NgDiagnosticReportExample.json	718	2	0	0	0	0	0	0	0	5	0	0	0	0	0	0	0	0	0	0	13	40	0	0	0	1	0	0	0
fsh-generated/resources/DocumentReference-NgDocuments-001.json	1523	2	0	0	0	0	0	0	0	22	0	0	0	0	0	0	0	0	0	0	20	64	0	0	0	0	0	0	0
fsh-generated/resources/Encounter-NgEncounter-001.json	793	1	0	0	0	0	0	0	0	5	0	0	0	0	0	0	0	0	0	0	15	45	0	0	0	0	0	0	0
fsh-generated/resources/Encounter-NgEncounter-002.json	793	1	0	0	0	0	0	0	0	3	0	0	0	0	0	0	0	0	0	0	15	34	0	0	0	0	0	0	0
fsh-generated/resources/Encounter-NgEncounter-003.json	793	2	0	0	0	0	0	0	0	5	0	0	0	0	0	0	0	0	0	0	16	41	0	0	0	1	0	0	0
fsh-generated/resources/ExplanationOfBenefit-NgExplanationOfBenefit-001.json	1096	2	0	0	0	0	0	0	0	7	0	0	0	0	0	0	0	0	0	0	16	80	0	0	0	0	0	0	0
fsh-generated/resources/ExplanationOfBenefit-NgExplanationOfBenefit-002.json	1095	1	0	0	0	0	0	0	0	6	0	0	0	0	0	0	0	0	0	0	16	51	0	0	0	0	0	0	0
fsh-generated/resources/Flag-NgFlag-001.json	581	2	0	0	0	0	0	0	1	4	0	0	0	0	0	0	0	0	0	0	20	42	0	0	0	1	0	0	0
fsh-generated/resources/Goal-NgGoal-001.json	1119	1	0	0	1	0	0	0	0	2	0	0	0	0	0	0	0	0	0	0	19	43	0	0	0	0	0	0	0
fsh-generated/resources/HealthcareService-NgHealthcareService-001.json	847	1	0	0	0	0	0	0	0	3	0	0	0	0	0	0	0	0	0	0	16	56	0	0	0	0	0	0	0
fsh-generated/resources/Immunization-NgImmunization-001.json	1234	2	0	0	0	0	0	0	0	4	0	0	0	0	0	0	0	0	0	0	17	65	0	0	0	0	0	0	0
fsh-generated/resources/Immunization-NgImmunization-002.json	948	2	0	0	0	0	0	0	0	4	0	0	0	0	0	0	0	0	0	0	12	43	0	0	0	0	0	0	0
fsh-generated/resources/Immunization-NgImmunization-003.json	2552	1	0	0	0	0	0	0	1	4	0	0	0	0	0	0	0	0	0	0	24	38	0	0	0	0	0	0	0
fsh-generated/resources/ImmunizationRecommendation-NgImmunizationRecommendation-001.json	765	1	0	0	0	0	0	0	0	4	0	0	0	0	0	0	0	0	0	0	12	38	0	0	0	0	0	0	0
fsh-generated/resources/Invoice-NgInvoice-001.json	1859	2	0	0	0	0	0	0	0	8	0	0	0	0	0	0	0	0	0	0	21	69	0	0	0	0	0	0	0
fsh-generated/resources/Location-NgLocation-001.json	899	1	0	0	0	0	0	0	0	2	0	0	0	0	0	0	0	0	0	0	14	46	0	0	0	1	0	0	0
fsh-generated/resources/Location-NgLocation-002.json	876	2	0	0	0	0	0	0	0	1	0	0	0	0	0	0	0	0	0	0	13	29	0	0	0	0	0	0	0
fsh-generated/resources/Location-NgLocation-003.json	794	1	0	0	0	0	0	0	0	2	0	0	0	0	0	0	0	0	0	0	17	33	0	0	0	0	0	0	0
fsh-generated/resources/Location-NgLocation-004.json	1192	2	0	0	0	0	0	0	0	1	0	0	0	0	0	0	0	0	0	0	19	31	0	0	0	0	0	0	0
fsh-generated/resources/Measure-NgMeasure-NHMIS-001.json	1697	1	0	0	1	0	0	0	1	31	0	0	0	0	0	0	0	0	0	0	30	32	0	0	0	1	0	0	0
fsh-generated/resources/MeasureReport-NgMeasureReport-NHMIS-001.json	1054	2	0	0	0	0	0	0	0	4	0	0	0	0	0	0	0	0	0	0	12	53	0	0	0	0	0	0	0
fsh-generated/resources/Medication-NgMedication-001.json	950	1	0	0	0	0	0	0	0	2	0	0	0	0	0	0	0	0	0	0	16	26	0	0	0	0	0	0	0
fsh-generated/resources/Medication-NgMedication-002.json	987	1	0	0	0	0	0	0	0	2	0	0	0	0	0	0	0	0	0	0	11	22	0	0	0	0	0	0	0
fsh-generated/resources/Medication-NgMedication-003.json	983	2	0	0	0	0	0	0	0	1	0	0	0	0	0	0	0	0	0	0	12	21	0	0	0	0	0	0	0
fsh-generated/resources/MedicationDispense-NgMedicationDispense-001.json	840	1	0	0	0	0	0	0	0	4	0	0	0	0	0	0	0	0	0	0	11	75	0	0	0	0	0	0	0
fsh-generated/resources/MedicationDispense-NgMedicationDispense-002.json	825	1	0	0	0	0	0	0	0	4	0	0	0	0	0	0	0	0	0	0	17	38	0	0	0	0	0	0	0
fsh-generated/resources/MedicationDispense-NgMedicationDispense-003.json	854	2	0	0	0	0	0	0	0	3	0	0	0	0	0	0	0	0	0	0	12	29	0	0	0	0	0	0	0
fsh-generated/resources/MedicationRequest-NgMedicationRequest-001.json	2056	2	0	0	0	0	0	0	1	9	0	0	0	0	0	0	0	0	0	0	20	108	0	0	0	0	0	0	0
fsh-generated/resources/MedicationStatement-NgMedicationStatement-001.json	1338	2	0	0	0	0	0	0	0	5	0	0	0	0	0	0	0	0	0	0	21	101	0	0	0	1	0	0	0
fsh-generated/resources/NamingSystem-ng-bc-naming-system.json	1150	1	27	0	0	0	0	0	0	4	126	0	0	0	0	0	0	0	0	0	21	41	0	0	0	0	1	0	0
fsh-generated/resources/NamingSystem-ng-consort-naming-system.json	1123	1	9	0	0	0	0	0	1	4	18	0	0	0	0	0	0	0	0	0	20	34	0	0	0	0	1	0	0
fsh-generated/resources/NamingSystem-ng-hfr-naming-system.json	1075	2	8	0	0	0	0	0	0	3	15	0	0	0	0	0	0	0	0	0	19	30	0	0	0	0	1	0	0
fsh-generated/resources/NamingSystem-ng-ins-naming-system.json	1145	1	8	0	1	0	0	0	0	3	15	0	0	0	0	0	0	0	0	0	17	33	0	0	0	0	0	0	0
fsh-generated/resources/NamingSystem-ng-mdcn-naming-system.json	1066	2	7	0	0	0	0	0	0	4	16	0	0	0	0	0	0	0	0	0	23	34	0	0	0	0	2	0	0
fsh-generated/resources/NamingSystem-ng-mobile-naming-system.json	1129	1	7	0	0	0	0	0	0	4	28	0	0	0	0	0	0	0	0	0	18	33	0	0	0	1	1	0	0
fsh-generated/resources/NamingSystem-ng-mtn-mno-naming-system.json	794	2	6	0	0	0	0	0	1	4	14	0	0	0	0	0	0	0	0	0	22	30	0	0	0	0	0	0	0
fsh-generated/resources/NamingSystem-ng-naming-system-example.json	1508	1	7	0	0	0	0	0	0	4	17	0	0	0	0	0	0	1	0	0	18	32	0	0	0	0	1	0	0
fsh-generated/resources/NamingSystem-ng-nin-naming-system.json	1138	1	6	0	0	0	0	0	0	3	13	0	0	0	0	0	0	0	0	0	16	27	0	0	0	0	1	0	0
fsh-generated/resources/NamingSystem-ng-nmcn-naming-system.json	1066	1	6	0	0	0	0	0	0	3	12	0	0	0	0	0	0	0	0	0	18	26	0	0	0	0	1	0	0
fsh-generated/resources/NamingSystem-ng-pcn-naming-system.json	1059	2	7	0	0	0	0	0	1	3	13	0	0	0	0	0	0	0	0	0	15	21	0	0	0	0	0	0	0
fsh-generated/resources/NamingSystem-ng-psedo-naming-system.json	1072	2	6	0	0	0	0	0	0	3	11	0	0	0	0	0	0	0	0	0	16	21	0	0	0	0	1	0	0
fsh-generated/resources/NamingSystem-ng-wakanda-naming-system.json	1128	1	7	0	1	0	0	0	0	2	11	0	0	0	0	0	0	0	0	0	22	19	0	0	0	0	1	0	0
fsh-generated/resources/Observation-NgObservation-001.json	1772	1	0	0	0	0	0	0	0	3	0	0	0	0	0	0	0	0	0	0	16	47	0	0	0	0	0	0	0
fsh-generated/resources/Observation-NgObservationAlcoholUseExample.json	926	1	0	0	0	0	0	0	0	1	0	0	0	0	0	0	0	0	0	0	11	27	0	0	0	0	0	0	0
fsh-generated/resources/Observation-NgObservationPregnancyEddExample.json	853	2	0	0	0	0	0	0	0	2	0	0	0	0	0	0	0	0	0	0	12	33	0	0	0	0	0	0	0
fsh-generated/resources/Observation-NgObservationPregnancyOutcomeExample.json	1071	1	0	0	0	0	0	0	0	2	0	0	0	0	0	0	0	0	0	0	15	36	0	0	0	0	0	0	0
fsh-generated/resources/Observation-NgObservationPregnancyStatusExample.json	1153	2	0	0	0	0	0	0	0	2	0	0	0	0	0	0	0	0	0	0	11	48	0	0	0	0	0	0	0
fsh-generated/resources/Observation-NgObservationResultsLaboratoryPathologyExample.json	1219	1	0	0	0	0	0	0	0	2	0	0	0	0	0	0	0	0	0	0	12	40	0	0	0	1	0	0	1
fsh-generated/resources/Observation-NgObservationResultsRadiologyExample.json	913	2	0	0	0	0	0	0	0	2	0	0	0	0	0	0	0	0	0	0	9	38	0	0	0	0	0	0	0
fsh-generated/resources/Observation-NgObservationTobaccoUseExample.json	1001	1	0	0	0	0	0	0	0	3	0	0	0	0	0	0	0	0	0	0	16	37	0	0	0	0	0	0	0
fsh-generated/resources/OperationDefinition-generate-certificate.json	587	2	0	0	0	0	0	0	1	4	0	0	0	0	0	0	0	0	0	0	12	42	0	0	0	0	0	0	0
fsh-generated/resources/OperationDefinition-generate-ng-patient-summary.json	609	1	0	0	0	0	0	0	0	2	0	0	0	0	0	0	0	0	0	0	11	38	0	0	0	0	1	0	0
fsh-generated/resources/OperationDefinition-submit-ng-report.json	573	1	0	0	1	0	0	0	0	3	0	0	0	0	0	0	0	0	0	0	11	34	0	0	0	0	0	0	0
fsh-generated/resources/OperationDefinition-verify-certificate.json	618	1	0	0	0	0	0	0	0	2	0	0	0	0	0	0	0	0	0	0	15	38	0	0	0	0	0	0	0
fsh-generated/resources/Organization-NgInsurerOrganization-001.json	886	2	0	0	0	0	0	0	0	1	0	0	0	0	0	0	0	0	0	0	9	31	0	0	0	0	0	0	0
fsh-generated/resources/Organization-NgOrganization-001.json	1439	1	0	0	0	0	0	0	0	1	0	0	0	0	0	0	0	0	0	0	11	17	0	0	0	0	0	0	0
fsh-generated/resources/Organization-NgOrganization-002.json	1420	2	0	0	0	0	0	0	0	1	0	0	0	0	0	0	0	0	0	0	12	20	0	0	0	0	0	0	0
fsh-generated/resources/Organization-NgOrganization-003.json	1367	1	0	0	0	0	0	0	0	1	0	0	0	0	0	0	0	0	0	0	16	21	0	0	0	0	0	0	0
fsh-generated/resources/Organization-NgPharmacyOrganization-001.json	873	1	0	0	0	0	0	0	1	0	0	0	0	0	0	0	0	0	0	0	10	15	0	0	0	0	0	0	0
fsh-generated/resources/Organization-NgProviderOrganization-001.json	913	2	0	0	0	0	0	0	0	1	0	0	0	0	0	0	0	0	0	0	8	16	0	0	0	0	0	0	0
fsh-generated/resources/Organization-Organization-PortHarcourt-Hospital.json	1266	2	0	0	0	0	0	0	0	2	0	0	0	0	0	0	0	0	0	0	12	16	0	0	0	1	0	0	0
fsh-generated/resources/Organization-Organization-Truth-HMO.json	1008	1	0	0	0	0	0	0	0	0	0	0	0	0	0	0	0	0	0	0	14	17	0	0	0	0	0	0	0
fsh-generated/resources/Patient-NgPatient-001-Pseudo.json	854	2	0	0	1	0	0	0	0	2	0	0	0	0	0	0	0	0	0	0	13	33	0	0	0	0	0	0	0
fsh-generated/resources/Patient-NgPatient-001.json	1970	2	0	0	0	0	0	0	0	3	0	0	0	0	0	0	0	0	0	0	14	20	0	0	0	0	0	0	0
fsh-generated/resources/Patient-NgPatient-002.json	2318	1	0	0	0	0	0	0	0	3	0	0	0	0	0	0	0	0	0	0	14	18	0	0	0	0	0	0	0
fsh-generated/resources/Patient-NgPatient-003.json	1664	2	0	0	0	0	0	0	1	1	0	0	0	0	0	0	0	0	0	0	18	20	0	1	0	0	0	0	0
fsh-generated/resources/Patient-NgPatient-Consent-001.json	840	1	0	0	0	0	0	0	0	1	0	0	0	0	0	0	1	0	0	0	10	14	0	0	0	0	0	0	0
fsh-generated/resources/Patient-Patient-Chika-Okafor.json	938	2	0	0	0	0	0	0	0	1	0	0	0	0	0	0	0	0	0	0	11	19	0	0	0	0	0	0	0
fsh-generated/resources/Practitioner-NgPractitioner-001-Pseudo.json	656	2	0	0	1	0	0	0	0	2	0	0	0	0	0	0	0	0	0	0	11	23	0	0	0	0	0	0	0
fsh-generated/resources/Practitioner-NgPractitioner-001.json	809	1	0	0	0	0	0	0	0	1	0	0	0	0	0	0	0	0	0	0	15	16	0	0	0	0	0	0	0
fsh-generated/resources/Practitioner-NgPractitioner-002.json	801	1	0	0	0	0	0	0	0	1	0	0	0	0	0	0	0	0	0	0	11	16	0	0	0	1	0	0	0
fsh-generated/resources/Practitioner-NgPractitioner-003.json	810	2	0	0	0	0	0	0	0	2	0	0	0	0	0	0	0	0	0	0	10	16	0	0	0	0	0	0	0
fsh-generated/resources/Practitioner-NgPractitioner-005-nurse.json	633	1	0	0	0	0	0	0	0	1	0	0	0	0	0	0	0	0	0	0	11	15	0	0	0	0	0	0	0
fsh-generated/resources/Practitioner-NgPractitioner-006-Doctor.json	628	2	0	0	0	0	0	0	0	1	0	0	0	0	0	0	0	0	0	0	11	20	0	0	0	0	0	0	0
fsh-generated/resources/PractitionerRole-NgPractitionerRole-001.json	472	2	0	0	0	0	0	0	0	2	0	0	0	0	0	0	0	0	0	0	12	29	0	0	0	0	0	0	0
fsh-generated/resources/PractitionerRole-NgPractitionerRole-002.json	509	1	0	0	0	0	0	0	1	1	0	0	0	0	0	0	0	0	0	0	7	32	0	0	0	0	0	0	0
fsh-generated/resources/PractitionerRole-NgPractitionerRole-003.json	529	1	0	0	0	0	0	0	0	1	0	0	0	0	0	0	0	0	0	0	10	30	0	0	0	0	0	0	0
fsh-generated/resources/Procedure-NgProcedure-001.json	982	1	0	0	0	0	0	0	0	4	0	0	0	0	0	0	0	0	0	0	12	58	0	0	0	0	0	0	0
fsh-generated/resources/Provenance-NgProvenance-001.json	1037	2	0	0	1	0	0	0	0	28	0	0	0	0	0	0	0	0	0	0	13	42	0	0	0	0	0	0	0
fsh-generated/resources/Questionnaire-NgAncQuestionnaire-001.json	6283	2	0	0	0	0	0	0	1	17	0	0	0	0	0	0	0	0	0	0	213	80	0	0	1	0	4	0	0
fsh-generated/resources/Questionnaire-ng-hiv-care-art-questionnaire.json	55647	6	0	0	0	0	0	0	5	83	0	0	0	0	0	0	0	0	0	0	1290	502	0	0	0	1	29	0	1
fsh-generated/resources/Questionnaire-ng-hiv-eac-form-questionnaire.json	11048	2	0	0	0	0	0	0	1	18	0	0	0	0	0	0	0	0	0	0	288	93	0	0	0	0	7	0	0
fsh-generated/resources/Questionnaire-ng-hiv-int-lab-form-questionnaire.json	30557	4	0	0	0	0	0	0	3	48	0	0	0	0	0	0	0	0	0	0	744	167	0	0	1	0	25	0	1
fsh-generated/resources/Questionnaire-ng-hiv-pharmacy-order-questionnaire.json	29488	5	0	0	0	0	0	0	4	42	0	0	0	0	0	0	0	1	0	0	689	211	0	0	0	0	24	0	0
fsh-generated/resources/Questionnaire-ng-hiv-transfer-form-questionnaire.json	21148	3	0	0	0	0	0	0	3	39	0	0	0	0	0	0	0	0	0	0	613	172	0	0	0	0	21	0	1
fsh-generated/resources/Questionnaire-ng-imm-administer-vaccine-form.json	2893	2	0	0	1	0	0	0	0	9	0	0	0	0	0	0	0	0	0	0	114	72	0	0	0	0	4	0	0
fsh-generated/resources/Questionnaire-ng-imm-client-registration-form.json	2600	2	0	0	0	0	0	0	1	10	0	0	0	0	0	0	0	0	0	0	94	74	0	0	0	0	2	0	0
fsh-generated/resources/Questionnaire-ng-imm-defaulter-tracking-form.json	2522	2	0	0	0	0	0	0	0	6	0	0	0	0	0	0	0	0	0	0	99	57	0	0	0	0	4	0	0
fsh-generated/resources/Questionnaire-ng-imm-facility-registration-form.json	2930	1	0	0	0	0	0	0	0	9	0	0	0	0	0	0	0	0	0	0	103	84	0	0	0	0	6	0	0
fsh-generated/resources/Questionnaire-ng-imm-generate-report-form.json	2285	1	0	0	0	0	0	0	0	6	0	0	0	0	0	0	0	0	0	0	91	69	0	0	0	0	5	0	0
fsh-generated/resources/Questionnaire-ng-imm-manage-aefi-form.json	2662	2	0	0	0	0	0	0	1	9	0	0	0	0	0	0	0	0	0	0	116	64	0	0	0	0	2	0	0
fsh-generated/resources/Questionnaire-ng-imm-updating-client-record-form.json	2699	2	0	0	0	0	0	0	0	7	0	0	0	0	0	0	0	0	0	0	97	71	0	0	0	1	3	0	0
fsh-generated/resources/QuestionnaireResponse-NgHivCareArtQuestionnaireResponseInitialArt.json	19445	3	0	0	0	0	0	0	1	11	0	0	0	0	0	0	0	0	0	0	534	107	0	0	0	0	0	0	0
fsh-generated/resources/QuestionnaireResponse-NgHivCareArtQuestionnaireResponseInterruptionRestart.json	12645	3	0	0	1	0	0	0	1	5	0	0	0	0	0	0	0	0	0	0	332	61	0	0	0	0	0	0	1
fsh-generated/resources/QuestionnaireResponse-NgHivCareArtQuestionnaireResponseRegimenChange.json	11684	4	0	0	0	0	0	0	1	6	0	0	0	0	0	0	0	0	0	0	299	56	0	0	0	0	0	0	0
fsh-generated/resources/QuestionnaireResponse-NgHivEacFormQuestionnaireResponse.json	18847	3	0	0	0	0	0	0	1	27	0	0	0	0	0	0	0	0	0	0	342	108	0	0	0	1	0	0	0
fsh-generated/resources/QuestionnaireResponse-NgHivIntLabFormQuestionnaireResponseEidExample.json	12203	13	0	0	0	0	0	0	1	5	0	0	0	0	0	0	0	0	0	0	314	76	0	0	0	0	0	0	0
fsh-generated/resources/QuestionnaireResponse-NgHivIntLabFormQuestionnaireResponseExtendedPanel.json	19806	4	0	0	0	0	0	0	2	10	0	0	0	0	0	0	0	0	0	0	451	79	0	0	0	0	0	0	1
fsh-generated/resources/QuestionnaireResponse-NgHivIntLabFormQuestionnaireResponseViralLoadExample.json	16178	3	0	0	0	0	0	0	2	7	0	0	0	0	0	0	0	0	0	0	378	58	0	0	0	0	0	0	0
fsh-generated/resources/QuestionnaireResponse-NgHivPharmacyOrderFormQuestionnaireResponse.json	16717	3	0	0	0	0	0	0	2	8	0	0	0	0	0	0	0	1	0	0	400	82	0	0	0	0	0	0	0
fsh-generated/resources/RelatedPerson-NgRelatedPerson-001.json	615	2	0	0	0	0	0	0	0	2	0	0	0	0	0	0	0	0	0	0	9	24	0	0	0	0	0	0	0
fsh-generated/resources/RelatedPerson-NgRelatedPerson-002.json	615	1	0	0	0	0	0	0	0	1	0	0	0	0	0	0	0	0	0	0	9	20	0	0	0	0	0	0	0
fsh-generated/resources/RelatedPerson-NgRelatedPerson-003-Pseudo.json	629	2	0	0	0	0	0	0	0	1	0	0	0	0	0	0	0	0	0	0	8	27	0	0	0	0	0	0	0
fsh-generated/resources/RelatedPerson-NgRelatedPerson-003.json	612	1	0	0	0	0	0	0	1	2	0	0	0	0	0	0	0	0	0	0	9	19	0	0	0	0	0	0	0
fsh-generated/resources/ServiceRequest-NgServiceRequest-001.json	1317	2	0	0	1	0	0	0	0	7	0	0	0	0	0	0	0	0	0	0	19	67	0	0	0	0	0	0	0
fsh-generated/resources/Specimen-NgSpecimen-001.json	867	2	0	0	0	0	0	0	1	4	0	0	0	0	0	0	0	0	0	0	10	36	0	0	0	1	0	0	0
fsh-generated/resources/StructureDefinition-CodeableConcept-ips.json	1470	2	0	17	0	0	0	0	1	25	0	0	0	0	0	0	0	2	0	0	72	4509	0	0	0	0	2	3	0
fsh-generated/resources/StructureDefinition-Coding-ips.json	1289	2	0	6	0	0	0	0	0	8	0	0	0	0	0	0	0	1	0	0	85	479	0	0	0	0	7	0	0
fsh-generated/resources/StructureDefinition-NgHivArtRegister.json	34813	6	0	40	0	0	0	0	0	52	0	0	1	0	0	0	0	4	0	0	687	1091	0	0	0	0	20	0	1
fsh-generated/resources/StructureDefinition-NgHivEacRegister.json	21838	4	0	27	0	0	0	0	0	28	0	0	2	0	0	0	0	5	0	0	406	771	0	0	0	0	17	0	0
fsh-generated/resources/StructureDefinition-NgHivIntLabMonitoringRegister.json	35892	5	0	33	1	0	0	0	0	46	0	0	0	0	0	0	0	6	0	0	628	641	0	0	0	0	19	0	1
fsh-generated/resources/StructureDefinition-NgHivPharmacyDailyWorksheet.json	28186	4	0	46	0	0	0	0	0	44	0	0	1	0	0	0	0	4	0	0	539	1070	0	0	1	0	19	0	0
fsh-generated/resources/StructureDefinition-NgHivTrackingRegister.json	27129	4	0	35	0	0	0	0	0	38	0	0	0	0	0	0	0	4	0	0	479	659	0	0	0	0	22	1	1
fsh-generated/resources/StructureDefinition-ng-administrative-ward.json	1530	2	0	10	0	0	0	0	0	10	0	0	0	0	0	0	0	0	0	0	67	351	0	0	0	0	3	0	0
fsh-generated/resources/StructureDefinition-ng-aefi-report-bundle.json	6167	2	0	350	0	0	0	0	0	93	0	0	0	0	0	0	0	2	0	0	1341	3105	0	0	0	0	38	0	2
fsh-generated/resources/StructureDefinition-ng-allergy-intolerance.json	6332	2	0	37	0	0	0	0	0	24	0	0	0	0	0	0	0	1	0	0	504	725	0	0	0	0	14	1	0
fsh-generated/resources/StructureDefinition-ng-appointment.json	2659	2	0	42	0	0	0	0	1	18	0	0	0	0	0	0	0	0	0	0	338	522	0	0	0	0	8	0	1
fsh-generated/resources/StructureDefinition-ng-care-plan.json	2474	2	0	54	0	0	0	0	0	19	0	0	0	0	0	0	0	1	0	0	495	608	0	0	0	0	15	0	0
fsh-generated/resources/StructureDefinition-ng-claim-response.json	3433	2	0	103	0	0	0	0	0	32	0	0	2	0	0	0	0	1	0	0	792	728	0	0	1	0	23	0	1
fsh-generated/resources/StructureDefinition-ng-claim.json	4005	1	0	70	0	0	0	0	0	37	0	0	0	0	0	0	0	1	0	0	716	846	0	0	0	0	25	1	0
fsh-generated/resources/StructureDefinition-ng-communication.json	3614	2	0	27	0	0	0	0	0	19	0	0	0	0	0	0	0	0	0	0	289	390	0	0	0	0	10	0	1
fsh-generated/resources/StructureDefinition-ng-condition.json	3615	2	0	23	0	0	0	0	0	19	0	0	0	0	0	0	0	1	0	0	304	534	0	0	0	0	7	0	0
fsh-generated/resources/StructureDefinition-ng-consent.json	1325	2	0	30	0	0	0	0	0	30	0	0	0	0	0	0	0	0	0	0	320	535	0	0	0	0	9	1	0
fsh-generated/resources/StructureDefinition-ng-contraindicated.json	1423	2	0	4	0	0	0	1	0	8	0	0	0	0	0	0	0	0	0	0	64	244	0	0	0	0	2	0	0
fsh-generated/resources/StructureDefinition-ng-coverage-eligibility-request.json	2690	1	0	20	1	0	0	0	0	21	0	0	0	0	0	0	0	1	0	0	320	481	0	0	0	0	7	0	1
fsh-generated/resources/StructureDefinition-ng-coverage-eligibility-response.json	3433	3	0	22	0	0	0	0	1	24	0	0	0	0	0	0	0	0	0	0	371	501	0	0	0	0	11	0	0
fsh-generated/resources/StructureDefinition-ng-coverage.json	2135	1	0	18	0	0	0	0	0	41	0	0	0	0	0	0	0	1	0	0	266	416	0	0	0	0	9	0	0
fsh-generated/resources/StructureDefinition-ng-device-request.json	3163	2	0	17	0	0	0	0	0	17	0	0	0	0	0	0	0	0	0	0	261	453	0	0	1	0	12	0	0
fsh-generated/resources/StructureDefinition-ng-device.json	2293	2	0	21	0	0	0	0	0	19	0	0	0	0	0	0	0	1	0	0	368	482	0	0	0	0	11	1	1
fsh-generated/resources/StructureDefinition-ng-diagnostic-report.json	4626	1	0	23	0	0	0	0	0	33	0	0	0	0	0	0	0	0	0	0	321	371	0	0	0	0	9	0	0
fsh-generated/resources/StructureDefinition-ng-documents.json	7559	3	0	31	0	0	0	0	0	36	0	0	1	0	0	0	0	1	0	0	496	555	0	0	0	0	15	0	1
fsh-generated/resources/StructureDefinition-ng-encounter.json	4946	2	0	42	0	0	0	0	1	30	0	0	0	0	0	0	0	1	0	0	443	1104	0	0	0	0	13	0	0
fsh-generated/resources/StructureDefinition-ng-explanation-of-benefit.json	2050	2	0	82	0	0	0	0	0	68	0	0	0	0	0	0	0	4	0	0	1081	1145	0	0	0	0	28	1	1
fsh-generated/resources/StructureDefinition-ng-flag.json	3902	1	0	15	0	0	0	0	0	22	0	0	1	0	0	0	0	1	0	0	286	357	0	0	0	0	10	0	0
fsh-generated/resources/StructureDefinition-ng-goal.json	2687	2	0	15	0	0	0	0	0	18	0	0	0	0	0	0	0	0	0	0	234	393	0	0	0	0	9	0	1
fsh-generated/resources/StructureDefinition-ng-healthcare-service.json	2856	2	0	18	0	0	0	0	0	52	0	0	1	0	0	0	0	1	0	0	309	433	0	0	0	0	10	1	0
fsh-generated/resources/StructureDefinition-ng-hiv-questionnaire.json	832	2	0	45	0	0	0	0	0	37	0	0	0	0	0	0	0	1	0	0	324	526	0	0	0	0	10	0	0
fsh-generated/resources/StructureDefinition-ng-imm-smart-scheduler-bundle.json	4853	1	0	54	0	0	0	0	0	62	0	0	0	0	0	0	0	2	0	0	1114	1313	0	0	1	0	28	0	1
fsh-generated/resources/StructureDefinition-ng-immunization-questionnaire.json	766	2	0	17	0	0	0	0	0	23	0	0	0	0	0	0	0	1	0	0	354	543	0	0	0	0	12	0	1
fsh-generated/resources/StructureDefinition-ng-immunization-recommendation.json	2063	1	0	11	1	0	0	0	0	19	0	0	0	0	0	0	0	1	0	0	256	319	0	0	0	0	7	1	0
fsh-generated/resources/StructureDefinition-ng-immunization.json	7330	3	0	16	0	0	0	0	0	39	0	0	1	0	0	0	0	1	0	0	527	530	0	0	0	0	12	0	0
fsh-generated/resources/StructureDefinition-ng-insurer-organization.json	866	2	0	27	0	0	0	0	0	17	0	0	0	0	0	0	0	0	0	0	286	364	0	0	0	0	10	0	1
fsh-generated/resources/StructureDefinition-ng-invoice.json	3558	1	0	17	0	0	0	0	0	24	0	0	0	0	0	0	0	1	0	0	330	343	0	0	0	0	9	0	0
fsh-generated/resources/StructureDefinition-ng-ips-bundle.json	18074	5	0	372	0	0	0	0	1	249	0	0	2	0	0	0	0	10	0	0	4962	3038	0	0	0	0	135	1	5
fsh-generated/resources/StructureDefinition-ng-ips-composition.json	48820	5	0	62	0	0	0	0	1	199	0	0	0	0	0	0	0	3	0	0	3381	1913	0	0	1	0	59	1	2
fsh-generated/resources/StructureDefinition-ng-location.json	3972	2	0	20	0	0	0	0	0	20	0	0	0	0	0	0	0	1	0	0	378	408	0	0	0	0	11	0	0
fsh-generated/resources/StructureDefinition-ng-measure-report.json	5428	3	0	21	0	0	0	0	0	31	0	0	1	0	0	0	0	0	0	0	521	491	0	0	0	0	11	0	1
fsh-generated/resources/StructureDefinition-ng-measure.json	5808	2	0	26	0	0	0	0	0	41	0	0	0	0	0	0	0	1	0	0	653	599	0	0	0	0	13	0	0
fsh-generated/resources/StructureDefinition-ng-medication-dispense.json	2802	2	0	44	1	0	0	0	0	19	0	0	0	0	0	0	0	0	0	0	307	405	0	0	0	0	10	0	0
fsh-generated/resources/StructureDefinition-ng-medication-request.json	3932	2	0	12	0	0	0	0	0	27	0	0	0	0	0	0	0	1	0	0	467	498	0	0	0	1	13	1	1
fsh-generated/resources/StructureDefinition-ng-medication-statement.json	5474	2	0	26	0	0	0	0	1	17	0	0	0	0	0	0	0	0	0	0	278	457	0	0	1	0	7	0	0
fsh-generated/resources/StructureDefinition-ng-medication.json	1155	1	0	8	0	0	0	0	0	11	0	0	0	0	0	0	0	0	0	0	201	304	0	0	0	0	6	0	0
fsh-generated/resources/StructureDefinition-ng-mnch-referral-bundle.json	5093	2	0	56	0	0	0	0	0	68	0	0	0	0	0	0	0	2	0	0	1050	794	0	0	0	0	19	0	1
fsh-generated/resources/StructureDefinition-ng-naming-system.json	3293	2	0	13	1	0	0	0	0	25	0	0	1	0	0	0	0	0	0	0	320	369	0	0	0	0	6	1	0
fsh-generated/resources/StructureDefinition-ng-next-dose-date.json	1398	1	0	4	0	0	0	0	0	10	0	0	0	0	0	0	0	0	0	0	78	211	0	0	0	0	2	0	0
fsh-generated/resources/StructureDefinition-ng-observation-alcohol-use.json	3142	2	0	16	0	0	0	0	0	35	0	0	0	0	0	0	0	1	0	0	468	505	0	0	0	0	10	0	1
fsh-generated/resources/StructureDefinition-ng-observation-pregnancy-edd.json	3590	2	0	14	0	0	0	0	0	35	0	0	0	0	0	0	0	0	0	0	474	433	0	0	0	0	12	0	0
fsh-generated/resources/StructureDefinition-ng-observation-pregnancy-outcome.json	3638	2	0	12	0	0	0	0	0	42	0	0	0	0	0	0	0	1	0	0	475	422	0	0	0	0	11	0	1
fsh-generated/resources/StructureDefinition-ng-observation-pregnancy-status.json	4115	2	0	13	1	0	0	0	1	37	0	0	0	0	0	0	0	0	0	0	488	458	0	0	0	0	16	0	1
fsh-generated/resources/StructureDefinition-ng-observation-results-laboratory-pathology.json	4119	2	0	12	0	0	0	0	0	37	0	0	0	0	0	0	0	1	0	0	434	480	0	0	0	0	14	0	0
fsh-generated/resources/StructureDefinition-ng-observation-results-radiology.json	4279	2	0	13	0	0	0	0	0	23	0	0	0	0	0	0	0	1	0	0	429	435	0	0	1	0	12	0	0
fsh-generated/resources/StructureDefinition-ng-observation-tobacco-use.json	3005	2	0	12	1	0	0	0	0	20	0	0	0	0	0	0	0	1	0	0	434	434	0	0	0	0	10	0	1
fsh-generated/resources/StructureDefinition-ng-observation.json	10516	3	0	42	0	0	0	0	0	73	0	0	0	0	0	0	0	1	0	0	1363	795	0	0	0	0	29	0	1
fsh-generated/resources/StructureDefinition-ng-organization-owner.json	1606	3	0	6	0	0	0	0	0	7	0	0	0	0	0	0	0	0	0	0	74	301	0	0	0	0	2	0	0
fsh-generated/resources/StructureDefinition-ng-organization.json	4694	2	0	3	0	0	0	0	0	22	0	0	1	0	0	0	0	1	0	0	471	400	0	0	0	0	11	0	0
fsh-generated/resources/StructureDefinition-ng-patient.json	21015	4	0	85	0	0	0	0	0	90	0	0	0	0	0	0	0	2	0	0	1919	1049	0	0	0	0	41	0	2
fsh-generated/resources/StructureDefinition-ng-pharmacy-organization.json	886	2	0	26	0	0	0	0	0	32	0	0	0	0	0	0	0	1	0	0	306	475	0	0	0	0	8	1	1
fsh-generated/resources/StructureDefinition-ng-practitioner-role.json	3633	2	0	19	0	0	0	0	0	13	0	0	0	0	0	0	0	0	0	0	291	467	0	0	0	1	5	0	1
fsh-generated/resources/StructureDefinition-ng-practitioner.json	3266	1	0	22	1	0	0	0	1	18	0	0	0	0	0	0	0	1	0	0	421	395	0	0	0	0	10	0	1
fsh-generated/resources/StructureDefinition-ng-procedure.json	5267	2	0	33	0	0	0	0	0	15	0	0	0	0	0	0	0	0	0	0	407	385	0	0	1	0	11	0	0
fsh-generated/resources/StructureDefinition-ng-provenance.json	2558	3	0	25	0	0	0	1	0	11	0	0	1	0	0	0	0	0	0	0	258	297	0	0	0	0	7	0	1
fsh-generated/resources/StructureDefinition-ng-provider-organization.json	891	1	0	16	0	0	0	0	0	11	0	0	0	0	0	0	0	1	0	0	275	344	0	0	0	0	7	0	1
fsh-generated/resources/StructureDefinition-ng-questionnaire.json	5945	2	0	2	0	0	0	0	0	25	0	0	0	0	0	0	0	0	0	0	560	581	0	0	0	0	12	0	1
fsh-generated/resources/StructureDefinition-ng-related-person.json	2739	2	0	19	0	0	0	0	0	16	0	0	0	0	0	0	0	1	0	0	277	439	0	0	0	0	7	0	0
fsh-generated/resources/StructureDefinition-ng-service-request.json	2895	2	0	19	1	0	0	0	0	13	0	0	0	0	0	0	0	0	0	0	304	413	0	0	0	0	12	0	1
fsh-generated/resources/StructureDefinition-ng-specimen.json	2223	2	0	34	0	0	0	0	0	14	0	0	0	0	0	0	0	1	0	0	330	444	0	0	0	0	9	0	1
fsh-generated/resources/StructureDefinition-ng-task.json	3099	2	0	13	0	0	0	0	0	33	0	0	0	0	0	0	0	0	0	0	353	537	0	0	0	0	7	0	0
fsh-generated/resources/StructureDefinition-ng-vaccine-contraindications.json	1839	1	0	4	0	0	0	0	1	6	0	0	0	0	0	0	0	0	0	0	75	249	0	0	0	0	2	0	1
fsh-generated/resources/Task-NgTask-001.json	1106	2	0	0	0	0	0	0	0	6	0	0	0	0	0	0	0	0	0	0	17	86	0	0	0	0	0	0	0
fsh-generated/resources/ValueSet-ng-aefi-manifestation.json	389	2	0	0	0	0	0	0	0	1157	0	0	0	0	0	0	0	0	0	0	13	569	0	0	0	0	1	0	0
fsh-generated/resources/ValueSet-ng-aefi-treatment-type-vs.json	378	1	0	0	0	0	0	0	0	2	0	0	0	0	0	0	0	0	0	0	9	56	0	0	0	0	0	0	0
fsh-generated/resources/ValueSet-ng-aefi-treatment-vs.json	364	2	0	0	0	0	0	0	0	3	0	0	0	0	0	0	0	0	0	0	10	57	0	0	0	0	0	0	0
fsh-generated/resources/ValueSet-ng-alert-category-vs.json	509	1	0	0	0	0	0	0	0	3	0	0	0	0	0	0	0	0	0	0	13	88	0	0	1	0	1	0	0
fsh-generated/resources/ValueSet-ng-alert-code-vs.json	481	1	0	0	1	0	0	0	0	2	0	0	0	0	0	0	0	0	0	0	16	70	0	0	0	0	0	0	0
fsh-generated/resources/ValueSet-ng-atc-all-medications-vs.json	791	2	0	0	0	0	0	0	1	3	0	0	0	0	0	0	0	0	0	0	12	69	0	0	0	0	0	0	0
fsh-generated/resources/ValueSet-ng-body-site-vs.json	1569	1	0	0	0	0	0	0	0	4	0	0	0	0	0	0	0	1	0	0	20	154	0	0	0	0	1	0	0
fsh-generated/resources/ValueSet-ng-bundle-identifier-vs.json	747	1	0	0	0	0	0	0	1	2	0	0	0	0	0	0	0	0	0	0	18	59	0	0	0	0	1	0	0
fsh-generated/resources/ValueSet-ng-careplan-activity-vs.json	491	1	0	0	0	0	0	0	0	4	0	0	0	0	0	0	0	0	0	0	13	55	0	0	0	0	0	0	0
fsh-generated/resources/ValueSet-ng-careplan-category-vs.json	479	2	0	0	0	0	0	0	0	3	0	0	0	0	0	0	0	0	0	0	14	57	0	0	0	0	1	0	0
fsh-generated/resources/ValueSet-ng-children-developmental-milestone-vs.json	749	1	0	0	0	0	0	0	0	9	0	0	0	0	0	0	0	0	0	0	18	66	0	0	0	0	0	0	0
fsh-generated/resources/ValueSet-ng-client-identifier-vs.json	518	1	0	0	0	0	0	0	1	8	0	0	0	0	0	0	0	0	0	0	16	55	0	0	0	0	0	0	0
fsh-generated/resources/ValueSet-ng-current-smoking-status-vs.json	2149	2	0	0	0	0	0	0	0	6	0	0	0	0	0	0	0	0	0	0	19	62	0	0	0	0	1	0	0
fsh-generated/resources/ValueSet-ng-defaulter-follow-up-method.json	377	1	0	0	0	0	0	0	0	3	0	0	0	0	0	0	0	0	0	0	13	52	0	0	0	0	0	0	0
fsh-generated/resources/ValueSet-ng-defaulter-follow-up-outcome.json	380	2	0	0	1	0	0	0	0	2	0	0	0	0	0	0	0	0	0	0	17	53	0	0	0	0	1	0	0
fsh-generated/resources/ValueSet-ng-defaulter-tracking-status.json	386	1	0	0	0	0	0	0	1	2	0	0	0	0	0	0	0	0	0	0	12	55	0	0	0	0	0	0	0
fsh-generated/resources/ValueSet-ng-device-identifier-vs.json	865	2	0	0	0	0	0	0	0	3	0	0	0	0	0	0	0	0	0	0	12	65	0	0	0	0	0	0	0
fsh-generated/resources/ValueSet-ng-diagnostics-report-status-vs.json	1462	1	0	0	0	0	0	0	1	4	0	0	0	0	0	0	0	0	0	0	24	61	0	0	0	0	1	0	0
fsh-generated/resources/ValueSet-ng-facility-identifier-vs.json	474	2	0	0	0	0	0	0	0	3	0	0	0	0	0	0	0	0	0	0	16	65	0	0	0	0	0	0	0
fsh-generated/resources/ValueSet-ng-facility-type-vs.json	471	1	0	0	0	0	0	0	1	2	0	0	0	0	0	0	0	0	0	0	13	53	0	0	0	0	0	0	0
fsh-generated/resources/ValueSet-ng-family-planning-method-vs.json	1252	1	0	0	0	0	0	0	0	4	0	0	0	0	0	0	0	0	0	0	23	57	0	0	0	0	1	0	0
fsh-generated/resources/ValueSet-ng-gender-vs.json	654	1	0	0	0	0	0	0	0	3	0	0	0	0	0	0	0	0	0	0	13	56	0	0	0	0	0	0	0
fsh-generated/resources/ValueSet-ng-hiv-adult-art-medication-vs.json	1799	1	0	0	0	0	0	0	0	5	0	0	0	0	0	0	0	0	0	0	35	55	0	0	0	1	1	0	0
fsh-generated/resources/ValueSet-ng-hiv-art-eligibility-status-vs.json	496	1	0	0	0	0	0	0	1	3	0	0	0	0	0	0	0	0	0	0	14	52	0	0	0	0	0	0	0
fsh-generated/resources/ValueSet-ng-hiv-art-follow-up-status-vs.json	688	1	0	0	0	0	0	0	0	4	0	0	0	0	0	0	0	0	0	0	13	68	0	0	0	0	0	0	0
fsh-generated/resources/ValueSet-ng-hiv-art-monthly-age-group-vs.json	1070	2	0	0	0	0	0	0	0	6	0	0	0	0	0	0	0	0	0	0	23	72	0	0	0	0	1	0	0
fsh-generated/resources/ValueSet-ng-hiv-art-monthly-ahd-category-vs.json	835	1	0	0	0	0	0	0	0	4	0	0	0	0	0	0	0	0	0	0	15	57	0	0	0	0	0	0	0
fsh-generated/resources/ValueSet-ng-hiv-art-monthly-cervical-age-group-vs.json	1213	1	0	0	0	0	0	0	1	4	0	0	0	0	0	0	0	0	0	0	19	67	0	0	0	0	0	0	0
fsh-generated/resources/ValueSet-ng-hiv-art-monthly-cervical-screening-result-vs.json	981	2	0	0	0	0	0	0	0	4	0	0	0	0	0	0	0	0	0	0	19	64	0	0	0	0	0	0	0
fsh-generated/resources/ValueSet-ng-hiv-art-monthly-cervical-screening-timing-vs.json	895	1	0	0	0	0	0	0	0	3	0	0	0	0	0	0	0	0	0	0	16	118	0	0	0	0	1	0	0
fsh-generated/resources/ValueSet-ng-hiv-art-monthly-cervical-treatment-type-vs.json	883	1	0	0	1	0	0	0	0	4	0	0	0	0	0	0	0	0	0	0	15	53	0	0	0	0	0	0	0
fsh-generated/resources/ValueSet-ng-hiv-art-monthly-cm-result-vs.json	785	1	0	0	0	0	0	0	1	4	0	0	0	0	0	0	0	0	0	0	18	57	0	0	0	0	0	0	0
fsh-generated/resources/ValueSet-ng-hiv-art-monthly-crag-age-group-vs.json	776	1	0	0	0	0	0	0	0	4	0	0	0	0	0	0	0	0	0	0	14	47	0	0	0	0	1	0	0
fsh-generated/resources/ValueSet-ng-hiv-art-monthly-crag-result-vs.json	767	1	0	0	0	0	0	0	0	4	0	0	0	0	0	0	0	0	0	0	15	49	0	0	0	0	0	0	0
fsh-generated/resources/ValueSet-ng-hiv-art-monthly-indicator-vs.json	1895	1	0	0	1	0	0	0	0	7	0	0	0	0	0	0	0	0	0	0	45	54	0	0	0	0	1	0	0
fsh-generated/resources/ValueSet-ng-hiv-art-monthly-interruption-outcome-vs.json	855	2	0	0	1	0	0	0	1	4	0	0	0	0	0	0	0	0	0	0	23	49	0	0	0	0	1	0	0
fsh-generated/resources/ValueSet-ng-hiv-art-monthly-mmd-duration-vs.json	824	1	0	0	1	0	0	0	0	5	0	0	0	0	0	0	0	0	0	0	20	49	0	0	0	0	1	0	0
fsh-generated/resources/ValueSet-ng-hiv-art-monthly-tb-ahd-age-group-vs.json	841	2	0	0	0	0	0	0	0	5	0	0	0	0	0	0	0	0	0	0	16	51	0	0	0	0	0	0	0
fsh-generated/resources/ValueSet-ng-hiv-art-register-cervical-status-vs.json	704	1	0	0	1	0	0	0	0	3	0	0	0	0	0	0	0	0	0	0	18	50	0	0	0	0	1	0	0
fsh-generated/resources/ValueSet-ng-hiv-art-register-cryptococcal-status-vs.json	685	1	0	0	0	0	0	0	0	3	0	0	0	0	0	0	0	0	0	0	14	43	0	0	0	0	0	0	0
fsh-generated/resources/ValueSet-ng-hiv-art-register-dsd-status-vs.json	659	1	0	0	0	0	0	0	0	3	0	0	0	0	0	0	0	0	0	0	13	47	0	0	1	0	0	0	0
fsh-generated/resources/ValueSet-ng-hiv-art-register-hepatitis-status-vs.json	701	2	0	0	0	0	0	0	0	3	0	0	0	0	0	0	0	0	0	0	18	46	0	0	0	0	1	0	0
fsh-generated/resources/ValueSet-ng-hiv-art-register-outcome-vs.json	1055	1	0	0	0	0	0	0	1	3	0	0	0	0	0	0	0	0	0	0	18	50	0	0	0	0	0	0	0
fsh-generated/resources/ValueSet-ng-hiv-art-register-regimen-vs.json	632	1	0	0	0	0	0	0	0	4	0	0	0	0	0	0	0	0	0	0	13	56	0	0	0	0	1	0	0
fsh-generated/resources/ValueSet-ng-hiv-art-register-tb-status-vs.json	625	2	0	0	0	0	0	0	0	2	0	0	0	0	0	0	0	0	0	0	16	49	0	0	0	0	0	0	0
fsh-generated/resources/ValueSet-ng-hiv-art-register-tpt-outcome-vs.json	654	1	0	0	0	0	0	0	0	3	0	0	0	0	0	0	0	0	0	0	14	51	0	0	0	0	0	0	0
fsh-generated/resources/ValueSet-ng-hiv-art-stop-reason-vs.json	1274	1	0	0	1	0	0	0	0	4	0	0	0	0	0	0	0	0	0	0	22	50	0	0	0	1	1	0	0
fsh-generated/resources/ValueSet-ng-hiv-arv-adherence-vs.json	856	1	0	0	0	0	0	0	0	6	0	0	0	0	0	0	0	0	0	0	20	56	0	0	0	0	1	0	0
fsh-generated/resources/ValueSet-ng-hiv-arv-regimen-change-category-vs.json	570	1	0	0	0	0	0	0	0	3	0	0	0	0	0	0	0	0	0	0	12	51	0	0	0	0	0	0	0
fsh-generated/resources/ValueSet-ng-hiv-arv-regimen-change-type-vs.json	707	2	0	0	0	0	0	0	1	4	0	0	0	0	0	0	0	0	0	0	14	51	0	0	0	0	1	0	0
fsh-generated/resources/ValueSet-ng-hiv-arv-side-effects-vs.json	2214	1	0	0	0	0	0	0	0	6	0	0	0	0	0	0	0	0	0	0	27	55	0	0	0	0	1	0	0
fsh-generated/resources/ValueSet-ng-hiv-arv-treatment-vs.json	1733	1	0	0	0	0	0	0	0	6	0	0	0	0	0	0	0	0	0	0	21	61	0	0	0	0	1	0	0
fsh-generated/resources/ValueSet-ng-hiv-care-entry-point-vs.json	1203	2	0	0	0	0	0	0	0	5	0	0	0	0	0	0	0	0	0	0	28	49	0	0	0	0	0	0	0
fsh-generated/resources/ValueSet-ng-hiv-cause-of-death-vs.json	1116	1	0	0	0	0	0	0	0	4	0	0	0	0	0	0	0	0	0	0	18	48	0	0	0	0	1	0	0
fsh-generated/resources/ValueSet-ng-hiv-cd4-reference-vs.json	762	1	0	0	0	0	0	0	1	2	0	0	0	0	0	0	0	0	0	0	17	41	0	0	0	0	1	0	0
fsh-generated/resources/ValueSet-ng-hiv-cd4-vl-classification-for-treatment-failure-vs.json	848	2	0	0	0	0	0	0	0	5	0	0	0	0	0	0	0	1	0	0	16	52	0	0	0	0	0	0	0
fsh-generated/resources/ValueSet-ng-hiv-cervical-cancer-screened-vs.json	788	1	0	0	0	0	0	0	0	3	0	0	0	0	0	0	0	0	0	0	15	52	0	0	0	0	0	0	0
fsh-generated/resources/ValueSet-ng-hiv-cervical-cancer-screening-method-vs.json	560	1	0	0	0	0	0	0	0	3	0	0	0	0	0	0	0	0	0	0	13	51	0	0	0	0	1	0	1
fsh-generated/resources/ValueSet-ng-hiv-cervical-cancer-screening-result-vs.json	737	1	0	0	0	0	0	0	0	4	0	0	0	0	0	0	0	0	0	0	25	55	0	0	0	0	0	0	0
fsh-generated/resources/ValueSet-ng-hiv-cervical-cancer-screening-type-vs.json	756	1	0	0	0	0	0	0	0	4	0	0	0	0	0	0	0	0	0	0	14	48	0	0	0	0	1	0	0
fsh-generated/resources/ValueSet-ng-hiv-cervical-cancer-treatment-received-vs.json	881	1	0	0	0	0	0	0	0	5	0	0	0	0	0	0	0	0	0	0	18	55	0	0	0	0	1	0	0
fsh-generated/resources/ValueSet-ng-hiv-diagnosis-concepts-vs.json	557	2	0	0	1	0	0	0	0	6	0	0	0	0	0	0	0	0	0	0	17	42	0	0	0	0	0	0	0
fsh-generated/resources/ValueSet-ng-hiv-diagnosis-icd11-concepts-vs.json	683	1	0	0	0	0	0	0	1	3	0	0	0	0	0	0	0	0	0	0	16	45	0	0	0	0	1	0	0
fsh-generated/resources/ValueSet-ng-hiv-disclosure-stage-vs.json	791	1	0	0	0	0	0	0	0	4	0	0	0	0	0	0	0	0	0	0	18	53	0	0	0	0	0	0	0
fsh-generated/resources/ValueSet-ng-hiv-drug-resistance-result-vs.json	999	1	0	0	0	0	0	0	0	3	0	0	0	0	0	0	0	0	0	0	20	52	0	0	0	0	1	0	0
fsh-generated/resources/ValueSet-ng-hiv-dsd-assessment-status-vs.json	824	1	0	0	0	0	0	0	0	3	0	0	0	0	0	0	0	0	0	0	17	66	0	0	0	0	1	0	0
fsh-generated/resources/ValueSet-ng-hiv-dsd-category-vs.json	501	2	0	0	0	0	0	0	0	3	0	0	0	0	0	0	0	0	0	0	29	54	0	0	0	0	0	0	0
fsh-generated/resources/ValueSet-ng-hiv-dsd-reason-for-category-change-vs.json	1256	1	0	0	0	0	0	0	1	3	0	0	0	0	0	0	0	1	0	0	19	61	0	0	0	0	1	0	0
fsh-generated/resources/ValueSet-ng-hiv-eac-adherence-vs.json	987	1	0	0	0	0	0	0	0	4	0	0	0	0	0	0	0	0	0	0	25	54	0	0	0	0	1	0	0
fsh-generated/resources/ValueSet-ng-hiv-eac-barriers-vs.json	2040	1	0	0	0	0	0	0	0	5	0	0	0	0	0	0	0	0	0	0	31	56	0	0	0	0	1	0	0
fsh-generated/resources/ValueSet-ng-hiv-eac-given-vs.json	465	1	0	0	0	0	0	0	0	3	0	0	0	0	0	0	0	0	0	0	16	54	0	0	0	0	0	0	0
fsh-generated/resources/ValueSet-ng-hiv-eac-intervention-services-vs.json	1509	1	0	0	0	0	0	0	0	3	0	0	0	0	0	0	0	0	0	0	23	54	0	0	0	0	1	0	0
fsh-generated/resources/ValueSet-ng-hiv-eac-intervention-tools-vs.json	1374	1	0	0	0	0	0	0	1	4	0	0	0	0	0	0	0	0	0	0	29	49	0	0	1	0	0	0	0
fsh-generated/resources/ValueSet-ng-hiv-eac-register-virologic-failure-cause-vs.json	915	1	0	0	1	0	0	0	0	4	0	0	0	0	0	0	0	0	0	0	20	57	0	0	0	0	1	0	0
fsh-generated/resources/ValueSet-ng-hiv-edema-presence-vs.json	794	1	0	0	0	0	0	0	0	5	0	0	0	0	0	0	0	1	0	0	15	51	0	0	0	0	1	0	0
fsh-generated/resources/ValueSet-ng-hiv-educational-status-vs.json	960	1	0	0	0	0	0	0	0	4	0	0	0	0	0	0	0	0	0	0	21	50	0	0	0	1	0	0	0
fsh-generated/resources/ValueSet-ng-hiv-encounter-location-vs.json	2560	1	0	0	0	0	0	0	1	4	0	0	0	0	0	0	0	2	0	0	24	59	0	0	0	0	1	0	0
fsh-generated/resources/ValueSet-ng-hiv-encounter-type-vs.json	790	1	0	0	0	0	0	0	0	3	0	0	0	0	0	0	0	1	0	0	24	51	0	0	0	0	1	0	0
fsh-generated/resources/ValueSet-ng-hiv-encounter-visit-type-vs.json	557	1	0	0	0	0	0	0	0	2	0	0	0	0	0	0	0	0	0	0	15	53	0	0	0	0	1	0	0
fsh-generated/resources/ValueSet-ng-hiv-final-outcome-value-set.json	469	1	0	0	0	0	0	0	0	3	0	0	0	0	0	0	0	1	0	0	16	50	0	0	0	0	0	0	0
fsh-generated/resources/ValueSet-ng-hiv-health-status-vs.json	892	1	0	0	0	0	0	0	0	3	0	0	0	0	0	0	0	0	0	0	23	47	0	0	0	0	0	0	0
fsh-generated/resources/ValueSet-ng-hiv-int-lab-arv-prophylaxis-vs.json	1201	1	0	0	0	0	0	0	0	3	0	0	0	0	0	0	0	1	0	0	21	39	0	0	0	0	1	0	0
fsh-generated/resources/ValueSet-ng-hiv-int-lab-cytology-method-vs.json	1002	1	0	0	1	0	0	0	1	3	0	0	0	0	0	0	0	0	0	0	20	47	0	0	0	0	0	0	0
fsh-generated/resources/ValueSet-ng-hiv-int-lab-eid-age-category-vs.json	1155	1	0	0	0	0	1	0	0	4	0	0	0	0	0	0	0	1	0	0	20	62	0	0	0	0	1	0	0
fsh-generated/resources/ValueSet-ng-hiv-int-lab-eid-indication-vs.json	1242	1	0	0	0	0	0	0	0	4	0	0	0	0	0	0	0	0	0	0	24	57	0	0	0	0	0	0	0
fsh-generated/resources/ValueSet-ng-hiv-int-lab-eid-result-vs.json	1029	1	0	0	1	0	0	0	0	3	0	0	0	0	0	0	0	1	0	0	36	50	0	0	0	0	0	0	0
fsh-generated/resources/ValueSet-ng-hiv-int-lab-other-test-vs.json	2000	2	0	0	0	0	0	0	1	4	0	0	0	0	0	0	0	0	0	0	35	48	0	0	0	0	1	0	0
fsh-generated/resources/ValueSet-ng-hiv-int-lab-positive-negative-result-vs.json	1037	1	0	0	0	0	0	0	0	4	0	0	0	0	0	0	0	0	0	0	17	46	0	0	0	0	0	0	0
fsh-generated/resources/ValueSet-ng-hiv-int-lab-reactive-result-vs.json	1019	1	0	0	0	0	0	0	0	5	0	0	0	0	0	0	0	1	0	0	20	45	0	0	0	0	1	0	0
fsh-generated/resources/ValueSet-ng-hiv-int-lab-regimen-line-vs.json	1039	1	0	0	1	0	0	0	0	5	0	0	0	0	0	0	0	0	0	0	17	49	0	0	0	1	0	0	0
fsh-generated/resources/ValueSet-ng-hiv-int-lab-register-dsd-status-vs.json	840	2	0	0	0	0	0	0	1	3	0	0	0	0	0	0	0	1	0	0	17	49	0	0	0	0	0	0	0
fsh-generated/resources/ValueSet-ng-hiv-int-lab-register-mode-of-testing-vs.json	868	1	0	0	0	0	0	0	0	5	0	0	0	0	0	0	0	0	0	0	24	46	0	0	0	0	1	0	0
fsh-generated/resources/ValueSet-ng-hiv-int-lab-register-monitoring-type-vs.json	819	1	0	0	0	0	0	0	0	3	0	0	0	0	0	0	0	1	0	0	16	46	0	0	0	0	0	0	0
fsh-generated/resources/ValueSet-ng-hiv-int-lab-register-test-vs.json	1055	1	0	0	0	0	0	0	1	4	0	0	0	0	0	0	0	0	0	0	25	46	0	0	0	0	0	0	0
fsh-generated/resources/ValueSet-ng-hiv-int-lab-register-viral-load-category-vs.json	927	1	0	0	0	0	0	0	0	3	0	0	0	0	0	0	0	0	0	0	18	48	0	0	0	0	1	0	0
fsh-generated/resources/ValueSet-ng-hiv-int-lab-register-viral-load-disaggregation-vs.json	1698	2	0	0	1	0	0	0	0	5	0	0	0	0	0	0	0	0	0	0	29	52	0	0	0	0	0	0	0
fsh-generated/resources/ValueSet-ng-hiv-int-lab-requested-test-type-vs.json	1080	1	0	0	0	0	0	0	1	4	0	0	0	0	0	0	0	0	0	0	22	41	0	0	0	0	1	0	0
fsh-generated/resources/ValueSet-ng-hiv-int-lab-specimen-type-vs.json	1081	1	0	0	0	0	0	0	0	4	0	0	0	0	0	0	0	0	0	0	17	44	0	0	0	0	0	0	0
fsh-generated/resources/ValueSet-ng-hiv-int-lab-viral-load-indication-vs.json	1442	1	0	0	0	0	0	0	0	5	0	0	0	0	0	0	0	0	0	0	25	42	0	0	0	0	0	0	0
fsh-generated/resources/ValueSet-ng-hiv-kp-typology-vs.json	914	2	0	0	0	0	0	0	0	5	0	0	0	0	0	0	0	0	0	0	18	43	0	0	0	0	1	0	0
fsh-generated/resources/ValueSet-ng-hiv-local-concepts.json	7824	1	0	0	0	0	0	0	1	24	0	0	0	0	0	0	0	2	0	0	161	87	0	0	1	0	4	0	0
fsh-generated/resources/ValueSet-ng-hiv-loinc-concepts.json	2529	2	0	0	1	0	0	0	1	6	0	0	0	0	0	0	0	0	0	0	47	50	0	0	0	0	2	0	0
fsh-generated/resources/ValueSet-ng-hiv-marital-status-vs.json	984	1	0	0	0	0	0	0	0	4	0	0	0	0	0	0	0	0	0	0	20	50	0	0	0	0	0	0	0
fsh-generated/resources/ValueSet-ng-hiv-occupation-vs.json	642	0	0	0	0	0	0	0	0	3	0	0	0	0	0	0	0	0	0	0	17	162	0	0	0	0	1	0	0
fsh-generated/resources/ValueSet-ng-hiv-oi-prophylaxis-treatment-medication-vs.json	1427	2	0	0	0	0	0	0	1	5	0	0	0	0	0	0	0	0	0	0	28	54	0	0	0	0	6	0	0
fsh-generated/resources/ValueSet-ng-hiv-opportunistic-infections-treatment-vs.json	840	1	0	0	0	0	0	0	0	3	0	0	0	0	0	0	0	1	0	0	15	57	0	0	0	0	1	0	0
fsh-generated/resources/ValueSet-ng-hiv-opportunistic-infections-vs.json	4187	1	0	0	0	0	0	0	0	8	0	0	0	0	0	0	0	0	0	0	38	67	0	0	0	0	1	0	0
fsh-generated/resources/ValueSet-ng-hiv-paediatric-art-medication-vs.json	1774	1	0	0	0	0	0	0	1	7	0	0	0	0	0	0	0	0	0	0	28	48	0	0	0	0	0	0	0
fsh-generated/resources/ValueSet-ng-hiv-pain-scale-vs.json	825	2	0	0	0	0	0	0	0	4	0	0	0	0	0	0	0	1	0	0	22	50	0	0	0	0	1	0	0
fsh-generated/resources/ValueSet-ng-hiv-partner-case-closure-status-vs.json	1465	1	0	0	0	0	0	0	0	6	0	0	0	0	0	0	0	0	0	0	24	56	0	0	0	0	1	0	1
fsh-generated/resources/ValueSet-ng-hiv-partner-notification-plan-vs.json	601	1	0	0	0	0	0	0	0	2	0	0	0	0	0	0	0	0	0	0	17	53	0	0	0	0	0	0	0
fsh-generated/resources/ValueSet-ng-hiv-period-of-hiv-exposure-vs.json	554	1	0	0	1	0	0	0	1	3	0	0	0	0	0	0	0	0	0	0	14	55	0	0	0	0	1	0	0
fsh-generated/resources/ValueSet-ng-hiv-pharmacy-worksheet-arv-prophylaxis-vs.json	675	1	0	0	0	0	0	0	0	2	0	0	0	0	0	0	0	1	0	0	15	42	0	0	0	0	0	0	0
fsh-generated/resources/ValueSet-ng-hiv-pharmacy-worksheet-dsd-model-vs.json	624	1	0	0	0	0	0	0	0	3	0	0	0	0	0	0	0	0	0	0	13	41	0	0	0	0	0	0	0
fsh-generated/resources/ValueSet-ng-hiv-pharmacy-worksheet-medicine-category-vs.json	709	2	0	0	0	0	0	0	0	3	0	0	0	0	0	0	0	0	0	0	18	46	0	0	0	0	1	0	0
fsh-generated/resources/ValueSet-ng-hiv-pharmacy-worksheet-medicine-vs.json	655	1	0	0	0	0	0	0	0	2	0	0	0	0	0	0	0	1	0	0	13	50	0	0	0	0	0	0	0
fsh-generated/resources/ValueSet-ng-hiv-pharmacy-worksheet-summary-scope-vs.json	664	1	0	0	0	0	0	0	1	3	0	0	0	0	0	0	0	0	0	0	13	47	0	0	0	0	0	0	0
fsh-generated/resources/ValueSet-ng-hiv-physical-exam-vs.json	1586	1	0	0	1	0	0	0	0	4	0	0	0	0	0	0	0	0	0	0	22	50	0	0	0	0	1	0	0
fsh-generated/resources/ValueSet-ng-hiv-physical-examination-interpretation-vs.json	788	1	0	0	0	0	0	0	0	5	0	0	0	0	0	0	0	0	0	0	16	53	0	0	0	0	0	0	0
fsh-generated/resources/ValueSet-ng-hiv-plan-for-next-step-vs.json	1067	1	0	0	0	0	0	0	0	7	0	0	0	0	0	0	0	1	0	0	16	52	0	0	0	1	1	0	0
fsh-generated/resources/ValueSet-ng-hiv-prep-medication-vs.json	1074	1	0	0	0	0	0	0	0	4	0	0	0	0	0	0	0	0	0	0	19	46	0	0	0	0	1	1	0
fsh-generated/resources/ValueSet-ng-hiv-presenting-symptoms-vs.json	2496	2	0	0	0	0	0	0	1	4	0	0	0	0	0	0	0	3	0	0	22	56	0	0	0	0	0	0	0
fsh-generated/resources/ValueSet-ng-hiv-prevention-plan-vs.json	1296	1	0	0	0	0	0	0	0	5	0	0	0	0	0	0	0	0	0	0	24	57	0	0	0	0	1	0	0
fsh-generated/resources/ValueSet-ng-hiv-prior-art-vs.json	811	2	0	0	0	0	0	0	0	4	0	0	0	0	0	0	0	1	0	0	14	45	0	0	0	0	1	0	0
fsh-generated/resources/ValueSet-ng-hiv-reason-for-art-eligibility-vs.json	1181	1	0	0	0	0	0	0	0	5	0	0	0	0	0	0	0	1	0	0	18	60	0	0	1	0	1	0	0
fsh-generated/resources/ValueSet-ng-hiv-reason-for-arv-regimen-change-vs.json	1523	1	0	0	0	0	0	0	0	3	0	0	0	0	0	0	0	0	0	0	23	49	0	0	0	0	0	0	0
fsh-generated/resources/ValueSet-ng-hiv-reason-for-not-testing-vs.json	743	1	0	0	1	0	0	0	1	4	0	0	0	0	0	0	0	0	0	0	15	54	0	0	0	0	1	0	0
fsh-generated/resources/ValueSet-ng-hiv-reason-index-case-not-interviewed-vs.json	847	1	0	0	0	0	0	0	0	2	0	0	0	0	0	0	0	0	0	0	17	63	0	0	0	0	0	0	0
fsh-generated/resources/ValueSet-ng-hiv-reason-not-linked-to-partner-services-vs.json	857	1	0	0	0	0	0	0	0	3	0	0	0	0	0	0	0	1	0	0	18	50	0	0	0	0	1	0	0
fsh-generated/resources/ValueSet-ng-hiv-reason-not-started-art-vs.json	510	1	0	0	0	0	0	0	0	3	0	0	0	0	0	0	0	0	0	0	13	73	0	0	0	0	0	0	0
fsh-generated/resources/ValueSet-ng-hiv-reason-partner-not-contacted-vs.json	860	2	0	0	0	0	0	0	0	2	0	0	0	0	0	0	0	0	0	0	19	57	0	0	0	0	1	0	0
fsh-generated/resources/ValueSet-ng-hiv-reason-partner-not-notified-vs.json	852	1	0	0	0	0	0	0	0	3	0	0	0	0	0	0	0	1	0	0	19	49	0	0	0	0	1	0	0
fsh-generated/resources/ValueSet-ng-hiv-reason-stopped-art-vs.json	1496	1	0	0	0	0	0	0	1	11	0	0	0	0	0	0	0	0	0	0	18	58	0	0	0	0	1	0	0
fsh-generated/resources/ValueSet-ng-hiv-reasons-for-poor-arv-adherence-vs.json	2100	1	0	0	0	0	0	0	0	4	0	0	0	0	0	0	0	3	0	0	30	52	0	0	0	0	1	0	0
fsh-generated/resources/ValueSet-ng-hiv-referral-reason-vs.json	1235	2	0	0	0	0	0	0	0	5	0	0	0	0	0	0	0	0	0	0	17	48	0	0	0	0	0	0	0
fsh-generated/resources/ValueSet-ng-hiv-regimen-change-reason-vs.json	1380	1	0	0	0	0	0	0	1	3	0	0	0	0	0	0	0	1	0	0	26	43	0	0	0	0	1	0	0
fsh-generated/resources/ValueSet-ng-hiv-residential-type-vs.json	683	1	0	0	0	0	0	0	0	2	0	0	0	0	0	0	0	0	0	0	15	46	0	0	0	0	0	0	0
fsh-generated/resources/ValueSet-ng-hiv-snomed-ct-concepts.json	1930	2	0	0	1	0	0	0	0	4	0	0	0	0	0	0	0	0	0	0	26	52	0	0	0	0	1	0	0
fsh-generated/resources/ValueSet-ng-hiv-status-vs.json	960	1	0	0	0	0	0	0	0	3	0	0	0	0	0	0	0	0	0	0	22	48	0	0	0	0	1	0	0
fsh-generated/resources/ValueSet-ng-hiv-tb-preventive-therapy-medication-vs.json	1165	1	0	0	0	0	0	0	1	3	0	0	0	0	0	0	0	1	0	0	19	44	0	0	0	0	0	0	0
fsh-generated/resources/ValueSet-ng-hiv-tb-preventive-therapy-vs.json	854	2	0	0	0	0	0	0	0	3	0	0	0	0	0	0	0	0	0	0	22	68	0	0	0	0	1	0	0
fsh-generated/resources/ValueSet-ng-hiv-test-result-vs.json	854	1	0	0	0	0	0	0	0	3	0	0	0	0	0	0	0	0	0	0	13	75	0	0	0	0	0	0	0
fsh-generated/resources/ValueSet-ng-hiv-test-results-vs.json	713	2	0	0	0	0	0	0	0	3	0	0	0	0	0	0	0	0	0	0	15	54	0	0	0	0	1	0	0
fsh-generated/resources/ValueSet-ng-hiv-test-type-vs.json	702	1	0	0	0	0	0	0	0	3	0	0	0	0	0	0	0	0	0	0	18	55	0	0	0	0	0	0	0
fsh-generated/resources/ValueSet-ng-hiv-tracking-attempt-stage-vs.json	618	1	0	0	0	0	0	0	0	2	0	0	0	0	0	0	0	0	0	0	18	58	0	0	0	0	0	0	0
fsh-generated/resources/ValueSet-ng-hiv-tracking-default-reason-vs.json	647	2	0	0	0	0	0	0	1	3	0	0	0	0	0	0	0	0	0	0	12	57	0	0	0	0	1	0	0
fsh-generated/resources/ValueSet-ng-hiv-tracking-discontinuation-reason-vs.json	677	2	0	0	0	0	0	0	0	3	0	0	0	0	0	0	0	0	0	0	19	67	0	0	0	0	0	0	0
fsh-generated/resources/ValueSet-ng-hiv-tracking-dsd-model-vs.json	579	2	0	0	0	0	0	0	0	2	0	0	0	0	0	0	0	0	0	0	15	50	0	0	0	0	0	0	0
fsh-generated/resources/ValueSet-ng-hiv-tracking-dsd-status-vs.json	586	2	0	0	0	0	0	0	0	3	0	0	0	0	0	0	0	0	0	0	14	57	0	0	0	1	1	0	0
fsh-generated/resources/ValueSet-ng-hiv-tracking-mode-vs.json	574	1	0	0	1	0	0	0	0	2	0	0	0	0	0	0	0	1	0	0	14	51	0	0	0	0	0	0	0
fsh-generated/resources/ValueSet-ng-hiv-tracking-person-contacted-vs.json	633	1	0	0	0	0	0	0	0	2	0	0	0	0	0	0	0	0	0	0	19	49	0	0	0	0	1	0	0
fsh-generated/resources/ValueSet-ng-hiv-tracking-reason-vs.json	588	2	0	0	0	0	0	0	1	3	0	0	0	0	0	0	0	0	0	0	10	41	0	0	0	0	0	0	0
fsh-generated/resources/ValueSet-ng-hiv-tracking-vs.json	1008	1	0	0	0	0	0	0	0	5	0	0	0	0	0	0	0	0	0	0	16	50	0	0	0	0	2	0	0
fsh-generated/resources/ValueSet-ng-hiv-transfer-reason-vs.json	810	1	0	0	0	0	0	0	1	2	0	0	0	0	0	0	0	0	0	0	21	43	0	0	0	0	1	0	0
fsh-generated/resources/ValueSet-ng-hiv-viral-load-indication-vs.json	673	1	0	0	0	0	0	0	0	3	0	0	0	0	0	0	0	0	0	0	13	49	0	0	0	0	0	0	0
fsh-generated/resources/ValueSet-ng-hiv-viral-load-status-vs.json	676	1	0	0	0	0	0	0	0	3	0	0	0	0	0	0	0	0	0	0	14	52	0	0	0	0	1	0	0
fsh-generated/resources/ValueSet-ng-hiv-vl-indication-vs.json	651	1	0	0	0	0	0	0	0	2	0	0	0	0	0	0	0	0	0	0	20	51	0	0	1	0	1	0	0
fsh-generated/resources/ValueSet-ng-hiv-who-stage-vs.json	423	1	0	0	0	0	0	0	0	1	0	0	0	0	0	0	0	1	0	0	11	52	0	0	0	0	0	0	0
fsh-generated/resources/ValueSet-ng-immunization-clinical-status-vs.json	496	1	0	0	0	0	0	0	1	3	0	0	0	0	0	0	0	0	0	0	11	121	0	0	0	0	1	0	0
fsh-generated/resources/ValueSet-ng-immunization-indicator-vs.json	373	1	0	0	0	0	0	0	0	2	0	0	0	0	0	0	0	0	0	0	12	48	0	0	0	0	0	0	0
fsh-generated/resources/ValueSet-ng-immunization-report-category-vs.json	390	2	0	0	0	0	0	0	0	2	0	0	0	0	0	0	0	0	0	0	14	48	0	0	0	0	0	0	0
fsh-generated/resources/ValueSet-ng-immunization-route-vs.json	306	1	0	0	0	0	0	0	0	3	0	0	0	0	0	0	0	0	0	0	11	47	0	0	0	0	0	0	0
fsh-generated/resources/ValueSet-ng-immunization-session-type-vs.json	550	1	0	0	1	0	0	0	1	2	0	0	0	0	0	0	0	0	0	0	12	51	0	0	0	0	1	0	0
fsh-generated/resources/ValueSet-ng-insurer-org-type-vs.json	597	1	0	0	0	0	0	0	1	3	0	0	0	0	0	0	0	0	0	0	17	51	0	0	0	0	0	0	0
fsh-generated/resources/ValueSet-ng-lgas-vs.json	451	1	0	0	0	0	0	0	1	3	0	0	0	0	0	0	0	0	0	0	17	137	0	0	0	0	1	0	0
fsh-generated/resources/ValueSet-ng-missed-vaccination-reason.json	379	2	0	0	0	0	0	0	0	3	0	0	0	0	0	0	0	0	0	0	19	49	0	0	0	0	0	0	0
fsh-generated/resources/ValueSet-ng-nutritional-screening-result-vs.json	517	1	0	0	0	0	0	0	0	2	0	0	0	0	0	0	0	0	0	0	19	52	0	0	0	0	0	0	1
fsh-generated/resources/ValueSet-ng-nutritional-status-vs.json	987	1	0	0	0	0	0	0	1	3	0	0	0	0	0	0	0	0	1	0	16	49	0	0	0	0	1	0	0
fsh-generated/resources/ValueSet-ng-nutritional-suppliments-provided-vs.json	712	1	0	0	0	0	0	0	0	3	0	0	0	0	0	0	0	0	0	0	16	47	0	0	0	0	0	0	0
fsh-generated/resources/ValueSet-ng-organization-owner-vs.json	479	1	0	0	1	0	0	0	0	2	0	0	0	0	0	0	0	0	0	0	17	48	0	0	0	0	0	0	0
fsh-generated/resources/ValueSet-ng-patient-education-level-value-set.json	1140	1	0	0	0	0	0	0	0	3	0	0	0	0	0	0	0	0	0	0	19	49	0	0	0	0	1	0	0
fsh-generated/resources/ValueSet-ng-patient-functional-status-vs.json	762	1	0	0	0	0	0	0	0	3	0	0	0	0	0	0	0	1	0	0	16	51	0	0	0	0	1	0	0
fsh-generated/resources/ValueSet-ng-pharmacy-org-type-vs.json	592	2	0	0	0	0	0	0	1	3	0	0	0	0	0	0	0	0	0	0	19	51	0	0	0	0	0	0	0
fsh-generated/resources/ValueSet-ng-pregnancies-coutcome-vs.json	1827	1	0	0	0	0	0	0	0	4	0	0	0	0	0	0	0	0	0	0	18	51	0	0	0	0	1	0	0
fsh-generated/resources/ValueSet-ng-pregnancy-expected-delivery-date-method-vs.json	974	2	0	0	0	0	0	0	0	3	0	0	0	0	0	0	0	0	0	0	16	61	0	0	0	0	1	0	0
fsh-generated/resources/ValueSet-ng-pregnancy-mode-of-delivery-vs.json	770	1	0	0	0	0	0	0	1	3	0	0	0	0	0	0	0	0	0	0	23	57	0	0	0	0	0	0	0
fsh-generated/resources/ValueSet-ng-pregnancy-place-of-delivery-vs.json	751	1	0	0	1	0	0	0	0	4	0	0	0	0	0	0	0	0	0	0	12	61	0	0	0	0	1	0	0
fsh-generated/resources/ValueSet-ng-pregnancy-status-vs.json	995	1	0	0	0	0	0	0	0	3	0	0	0	0	0	0	0	0	0	0	15	84	0	0	0	0	0	0	0
fsh-generated/resources/ValueSet-ng-provenance-activity-vs.json	847	2	0	0	0	0	0	0	1	2	0	0	0	0	0	0	0	0	0	0	17	50	0	0	0	0	1	0	0
fsh-generated/resources/ValueSet-ng-provider-org-type-vs.json	603	1	0	0	0	0	0	0	0	3	0	0	0	0	0	0	0	0	0	0	12	54	0	0	0	0	0	0	0
fsh-generated/resources/ValueSet-ng-relationships-vs.json	498	2	0	0	1	0	0	0	0	3	0	0	0	0	0	0	0	0	0	0	11	51	0	0	0	0	1	0	0
fsh-generated/resources/ValueSet-ng-report-stratifier-vs.json	358	1	0	0	0	0	0	0	0	2	0	0	0	0	0	0	0	0	0	0	10	46	0	0	0	0	1	0	0
fsh-generated/resources/ValueSet-ng-results-laboratory-pathology-observation-vs.json	2125	1	0	0	0	0	0	0	1	3	0	0	0	0	0	0	0	1	0	0	27	133	0	0	0	0	1	0	0
fsh-generated/resources/ValueSet-ng-results-radiology-component-vs.json	5286	2	0	0	1	0	0	0	0	14	0	0	0	0	0	0	0	0	0	0	58	128	0	0	0	0	2	0	0
fsh-generated/resources/ValueSet-ng-results-radiology-observations-vs.json	1499	2	0	0	0	0	0	0	1	3	0	0	0	0	0	0	0	0	0	0	17	108	0	0	0	0	1	0	0
fsh-generated/resources/ValueSet-ng-results-specimen-collection-method-vs.json	4056	2	0	0	0	0	0	0	0	3	0	0	0	0	0	0	0	0	0	0	40	74	0	0	1	0	1	0	0
fsh-generated/resources/ValueSet-ng-results-specimen-type-vs.json	1232	1	0	0	0	0	0	0	1	2	0	0	0	0	0	0	0	0	0	0	20	143	0	0	0	0	0	0	0
fsh-generated/resources/ValueSet-ng-results-status-vs.json	1396	2	0	0	1	0	0	0	0	3	0	0	0	0	0	0	0	0	0	0	33	64	0	0	0	0	1	0	0
fsh-generated/resources/ValueSet-ng-sibling-health-status-vs.json	518	1	0	0	0	0	0	0	0	2	0	0	0	0	0	0	0	0	0	0	16	62	0	0	0	0	0	0	0
fsh-generated/resources/ValueSet-ng-states-vs.json	429	1	0	0	0	0	0	0	0	2	0	0	0	0	0	0	0	0	0	0	14	53	0	0	0	0	1	0	0
fsh-generated/resources/ValueSet-ng-stock-administration-up-method.json	380	1	0	0	0	0	0	0	0	2	0	0	0	0	0	0	0	0	0	0	22	52	0	0	0	0	0	0	0
fsh-generated/resources/ValueSet-ng-target-population-category-vs.json	1381	2	0	0	0	0	0	0	1	4	0	0	0	0	0	0	0	1	0	0	29	57	0	0	0	0	0	0	0
fsh-generated/resources/ValueSet-ng-tb-active-tb-diagnosis-vs.json	722	1	0	0	0	0	0	0	0	3	0	0	0	0	0	0	0	0	0	0	15	57	0	0	0	0	1	0	0
fsh-generated/resources/ValueSet-ng-tb-diagnostic-test-result-vs.json	790	1	0	0	0	0	0	0	0	3	0	0	0	0	0	0	0	0	0	0	18	55	0	0	0	0	0	0	0
fsh-generated/resources/ValueSet-ng-tb-month-ordinals-vs.json	998	2	0	0	2	0	0	0	0	2	0	0	0	0	0	0	0	0	0	0	22	48	0	0	0	0	1	0	0
fsh-generated/resources/ValueSet-ng-tb-screening-diagnostic-test-type-vs.json	647	1	0	0	1	0	0	0	0	3	0	0	0	0	0	0	0	0	0	0	14	52	0	0	0	0	0	0	0
fsh-generated/resources/ValueSet-ng-tb-screening-result-vs.json	673	16	0	0	0	0	0	0	0	2	0	0	0	0	0	0	0	0	0	0	17	50	0	0	0	0	0	0	0
fsh-generated/resources/ValueSet-ng-tb-screening-specimen-type-vs.json	943	2	0	0	1	0	0	0	1	4	0	0	0	0	0	0	0	0	0	0	19	59	0	0	0	0	1	0	0
fsh-generated/resources/ValueSet-ng-tb-screening-type-vs.json	651	1	0	0	0	0	0	0	0	2	0	0	0	0	0	0	0	0	0	0	15	48	0	0	0	0	0	0	0
fsh-generated/resources/ValueSet-ng-tb-tpt-alternate-prophylaxis-type-vs.json	824	1	0	0	0	0	0	0	0	3	0	0	0	0	0	0	0	0	0	0	19	49	0	0	0	0	1	0	0
fsh-generated/resources/ValueSet-ng-tb-tpt-prophylaxis-type-vs.json	521	3	0	0	1	0	0	0	0	2	0	0	0	0	0	0	0	0	0	0	13	43	0	0	0	0	0	0	0
fsh-generated/resources/ValueSet-ng-tb-tpt-prophylaxis-vs.json	1001	1	0	0	0	0	0	0	0	3	0	0	0	0	0	0	0	1	0	0	17	46	0	0	0	0	0	0	0
fsh-generated/resources/ValueSet-ng-tb-tpt-reason-not-eligibile-vs.json	920	1	0	0	0	0	0	0	0	3	0	0	0	0	0	0	0	0	0	0	20	46	0	0	0	0	1	0	0
fsh-generated/resources/ValueSet-ng-tb-treatment-outcome-vs.json	715	2	0	0	1	0	0	0	1	3	0	0	0	0	0	0	0	0	0	0	18	43	0	0	0	0	0	0	0
fsh-generated/resources/ValueSet-ng-tb-treatment-status-value-set.json	529	1	0	0	0	0	0	0	0	2	0	0	0	0	0	0	0	0	0	0	13	48	0	0	0	0	0	0	0
fsh-generated/resources/ValueSet-ng-vaccine-contraindication-vs.json	654	1	0	0	0	0	0	0	0	2	0	0	0	0	0	0	0	0	0	0	20	49	0	0	0	0	1	0	0
fsh-generated/resources/ValueSet-ng-vaccine-icd-vs.json	454	2	0	0	0	0	0	0	0	2	0	0	0	0	0	0	0	0	0	0	13	48	0	0	0	0	0	0	0
fsh-generated/resources/ValueSet-ng-vaccine-local-vs.json	461	1	0	0	0	0	0	0	0	2	0	0	0	0	0	0	0	0	0	0	14	55	0	0	0	0	0	0	0
fsh-generated/resources/ValueSet-ng-vaccine-preventable-disease.json	400	0	0	0	1	0	0	0	1	3	0	0	0	0	0	0	0	0	0	0	14	48	0	0	0	0	0	0	0
fsh-generated/resources/ValueSet-ng-vaccine-snomed-vs.json	479	2	0	0	0	0	0	0	0	3	0	0	0	0	0	0	0	1	0	0	16	52	0	0	0	0	0	0	0
fsh-generated/resources/ValueSet-ng-wards-vs.json	454	1	0	0	0	0	0	0	0	2	0	0	0	0	0	0	0	0	0	0	16	49	0	0	0	0	1	0	0
fsh-generated/resources/ValueSet-ng-who-hiv-concepts-vs.json	679	1	0	0	0	0	0	0	0	3	0	0	0	0	0	0	0	0	0	0	20	46	0	0	0	0	0	0	0
fsh-generated/resources/ValueSet-ng-yes-no-vs.json	631	2	0	0	0	0	0	0	0	4	0	0	0	0	0	0	0	0	0	0	21	49	0	0	0	0	1	0	0
fsh-generated/resources/ValueSet-nigeria-vaccine-site.json	294	1	0	0	0	0	0	0	0	3	0	0	0	0	0	0	0	0	0	0	12	47	0	0	0	0	0	0	0
/input/includes/fragment-header.html	224	-	-	-	0	0	0	0	0	0	0	0	0	0	0	0	0	0	0	0	0	5	0	0	0	0	0	0	0
/input/includes/menu.xml	2385	-	-	-	0	0	0	0	0	0	0	0	0	0	0	0	0	0	0	0	0	1	0	0	0	0	0	0	0
/input/includes/fragment-css.html	864	-	-	-	0	0	0	0	0	0	0	0	0	0	0	0	0	0	0	0	0	1	0	0	0	0	0	0	0
/fsh-generated/includes/fsh-link-references.md	40360	-	-	-	0	0	0	0	0	0	0	0	0	0	0	0	0	0	0	0	0	2	0	0	0	0	0	0	0
/input/pagecontent/verifiable-digital-health-certificate.md	0	-	-	-	0	0	0	0	0	0	0	0	0	0	0	0	0	0	0	0	0	1	0	0	0	0	0	0	0
/input/pagecontent/program.md	0	-	-	-	0	0	0	0	0	0	0	0	0	0	0	0	0	0	0	0	0	0	0	0	0	0	0	0	0
/input/pagecontent/referral-artefacts.md	0	-	-	-	0	0	0	0	0	0	0	0	0	0	0	0	0	0	0	0	0	0	0	0	0	0	0	0	0
/input/pagecontent/laboratory-imaging-artefacts.md	0	-	-	-	0	0	0	0	0	0	0	0	0	0	0	0	0	0	0	0	0	1	0	0	0	0	0	0	0
/input/pagecontent/immunization.md	102935	-	-	-	0	0	0	0	0	0	0	0	0	0	0	0	0	0	0	0	0	8	0	0	0	0	0	0	0
/input/pagecontent/mnch-artefacts.md	0	-	-	-	0	0	0	0	0	0	0	0	0	0	0	0	0	0	0	0	0	0	0	0	0	0	0	0	0
/input/pagecontent/echis-artefacts.md	0	-	-	-	0	0	0	0	0	0	0	0	0	0	0	0	0	0	0	0	0	1	0	0	0	0	0	0	0
/input/pagecontent/nhmis.md	21177	-	-	-	0	0	0	0	0	0	0	0	0	0	0	0	0	0	0	0	0	2	0	0	0	0	0	0	0
/input/pagecontent/registries.md	22508	-	-	-	0	0	0	0	0	0	0	0	0	0	0	0	0	0	0	0	0	2	0	0	0	0	0	0	0
/input/pagecontent/tb-artefacts.md	0	-	-	-	0	0	0	0	0	0	0	0	0	0	0	0	0	0	0	0	0	0	0	0	0	0	0	0	0
/input/pagecontent/general.md	15426	-	-	-	0	0	0	0	0	0	0	0	0	0	0	0	0	0	0	0	0	2	0	0	0	0	0	0	0
/input/pagecontent/provenance.md	14552	-	-	-	0	0	0	0	0	0	0	0	0	0	0	0	0	0	0	0	0	1	0	0	0	0	0	0	0
/input/pagecontent/other-igs.md	8355	-	-	-	0	0	0	0	0	0	0	0	0	0	0	0	0	0	0	0	0	1	0	0	0	0	0	0	0
/input/pagecontent/functional-non-functional.md	35118	-	-	-	0	0	0	0	0	0	0	0	0	0	0	0	0	0	0	0	0	3	0	0	0	0	0	0	0
/input/pagecontent/clinical-notes.md	17752	-	-	-	0	0	0	0	0	0	0	0	0	0	0	0	0	0	0	0	0	1	0	0	0	0	0	0	0
/input/pagecontent/hiv.md	0	-	-	-	0	0	0	0	0	0	0	0	0	0	0	0	0	0	0	0	0	1	0	0	0	0	0	0	0
/input/pagecontent/mnch.md	132	-	-	-	0	0	0	0	0	0	0	0	0	0	0	0	0	0	0	0	0	1	0	0	0	0	0	0	0
/input/pagecontent/tb.md	0	-	-	-	0	0	0	0	0	0	0	0	0	0	0	0	0	0	0	0	0	0	0	0	0	0	0	0	0
/input/pagecontent/roadmap.md	22148	-	-	-	0	0	0	0	0	0	0	0	0	0	0	0	0	0	0	0	0	1	0	0	0	0	0	0	0
/input/pagecontent/index.md	13432	-	-	-	0	0	0	0	0	0	0	0	0	0	0	0	0	0	0	0	0	1	0	0	0	0	0	0	0
/input/pagecontent/echis.md	0	-	-	-	0	0	0	0	0	0	0	0	0	0	0	0	0	0	0	0	0	0	0	0	0	0	0	0	0
/input/pagecontent/reports-artefacts.md	0	-	-	-	0	0	0	0	0	0	0	0	0	0	0	0	0	0	0	0	0	1	0	0	0	0	0	0	0
/input/pagecontent/ng-ps.md	32671	-	-	-	0	0	0	0	0	0	0	0	0	0	0	0	0	0	0	0	0	1	0	0	0	0	0	0	0
/input/pagecontent/api-exchange.md	6113	-	-	-	0	0	0	0	0	0	0	0	0	0	0	0	0	0	0	0	0	1	0	0	0	0	0	0	0
/input/pagecontent/immunization-artefacts.md	12871	-	-	-	0	0	0	0	0	0	0	0	0	0	0	0	0	0	0	0	0	0	0	0	0	0	0	0	0
/input/pagecontent/downloads.md	4959	-	-	-	0	0	0	0	0	0	0	0	0	0	0	0	0	0	0	0	0	1	0	0	0	0	0	0	0
/input/pagecontent/malaria-artefacts.md	0	-	-	-	0	0	0	0	0	0	0	0	0	0	0	0	0	0	0	0	0	0	0	0	0	0	0	0	0
/input/pagecontent/terminology-artefacts.md	0	-	-	-	0	0	0	0	0	0	0	0	0	0	0	0	0	0	0	0	0	0	0	0	0	0	0	0	0
/input/pagecontent/change-log.md	10409	-	-	-	0	0	0	0	0	0	0	0	0	0	0	0	0	0	0	0	0	1	0	0	0	0	0	0	0
/input/pagecontent/hiv-artefacts.md	59871	-	-	-	0	0	0	0	0	0	0	0	0	0	0	0	0	0	0	0	0	3	0	0	0	0	0	0	0
/input/pagecontent/security.md	7089	-	-	-	0	0	0	0	0	0	0	0	0	0	0	0	0	0	0	0	0	1	0	0	0	0	0	0	0
/input/pagecontent/malaria.md	0	-	-	-	0	0	0	0	0	0	0	0	0	0	0	0	0	0	0	0	0	1	0	0	0	0	0	0	0
/template/config	0	-	-	-	0	0	0	0	0	0	0	0	0	0	0	0	0	0	0	0	0	0	0	0	0	0	0	0	0
/template/config/_config.yml	140	-	-	-	0	0	0	0	0	0	0	0	0	0	0	0	0	0	0	0	0	1	0	0	0	0	0	0	0
/input/images	0	-	-	-	0	0	0	0	0	0	0	0	0	0	0	0	0	0	0	0	0	1	0	0	0	0	0	0	0
/input/images/workflow-c-client-registration.png	247619	-	-	-	0	0	0	0	0	0	0	0	0	0	0	0	0	0	0	0	0	3	0	0	0	0	0	0	0
/input/images/workflow-g-resolve-duplicate-client.png	140370	-	-	-	0	0	0	0	0	0	0	0	0	0	0	0	0	0	0	0	0	2	0	0	0	0	0	0	0
/input/images/icon-vaccine-commodity-spare.png	5328	-	-	-	0	0	0	0	0	0	0	0	0	0	0	0	0	0	0	0	0	2	0	0	0	0	0	0	0
/input/images/activity-with-sub-process.png	2403	-	-	-	0	0	0	0	0	0	0	0	0	0	0	0	0	0	0	0	0	1	0	0	0	0	0	0	0
/input/images/workflow-b-plan-immunization.png	141226	-	-	-	0	0	0	0	0	0	0	0	0	0	0	0	0	0	0	0	0	3	0	0	0	0	0	0	0
/input/images/workflow-a-facility-registration.png	253568	-	-	-	0	0	0	0	0	0	0	0	0	0	0	0	0	0	0	0	0	5	0	0	0	0	0	0	0
/input/images/end-event.png	2345	-	-	-	0	0	0	0	0	0	0	0	0	0	0	0	0	0	0	0	0	1	0	0	0	0	0	0	0
/input/images/workflow-f-defaulter-tracking.png	267025	-	-	-	0	0	0	0	0	0	0	0	0	0	0	0	0	0	0	0	0	1	0	0	0	0	0	0	0
/input/images/icon-f-defaulter-tracking.png	6921	-	-	-	0	0	0	0	0	0	0	0	0	0	0	0	0	0	0	0	0	2	0	0	0	0	0	0	0
/input/images/icon-b-plan-session.png	5454	-	-	-	0	0	0	0	0	0	0	0	0	0	0	0	0	0	0	0	0	2	0	0	0	0	0	0	0
/input/images/throw-link.png	2633	-	-	-	0	0	0	0	0	0	0	0	0	0	0	0	0	0	0	0	0	1	0	0	0	1	0	0	0
/input/images/icon-a-facility-registration.png	5130	-	-	-	0	0	0	0	0	0	0	0	0	0	0	0	0	0	0	0	0	1	0	0	0	0	0	0	0
/input/images/icon-e-client-reminder.png	4679	-	-	-	0	0	0	0	0	0	0	0	0	0	0	0	0	0	0	0	0	2	0	0	0	0	0	0	0
/input/images/catch-link.png	2772	-	-	-	0	0	0	0	1	0	0	0	0	0	0	0	0	0	0	0	0	1	0	0	0	0	0	0	0
/input/images/icon-g-resolve-duplicate-client.png	7397	-	-	-	0	0	0	0	0	0	0	0	0	0	0	0	0	0	0	0	0	0	0	0	0	0	0	0	0
/input/images/workflow-i-report-generation.png	278889	-	-	-	0	0	0	0	0	0	0	0	0	0	0	0	0	0	0	0	0	5	0	0	0	0	0	0	0
/input/images/icon-j-manage-report-aefi.png	5333	-	-	-	0	0	0	0	0	0	0	0	0	0	0	0	0	0	0	0	0	2	0	0	0	0	0	0	0
/input/images/workflow-j-manage-report-aefi.png	405282	-	-	-	0	0	0	0	0	0	0	0	0	0	0	0	0	0	0	0	0	5	0	0	0	0	0	0	0
/input/images/icon-h-resolve-duplicate-event.png	6748	-	-	-	0	0	0	0	0	0	0	0	0	0	0	0	0	0	0	0	0	2	0	0	0	0	0	0	0
/input/images/swim-lane.png	3209	-	-	-	0	0	0	0	0	0	0	0	0	0	0	0	0	0	0	0	0	1	0	0	0	0	0	0	0
/input/images/workflow-e-client-reminder.png	165743	-	-	-	0	0	0	0	0	0	0	0	0	0	0	0	0	0	0	0	0	2	0	0	0	0	0	0	0
/input/images/activity.png	2078	-	-	-	0	0	0	0	0	0	0	0	0	0	0	0	0	0	0	0	0	1	0	0	0	0	0	0	0
/input/images/ng-patient-summary-data-blocks.png	258124	-	-	-	0	0	0	0	0	0	0	0	0	0	0	0	0	0	0	0	0	4	0	0	0	0	0	0	0
/input/images/icon-d-vaccine-administration.png	6303	-	-	-	0	0	0	0	0	0	0	0	0	0	0	0	0	0	0	0	0	2	0	0	0	0	0	0	0
/input/images/gateway.png	1724	-	-	-	0	0	0	0	0	0	0	0	0	0	0	0	0	0	0	0	0	2	0	0	0	0	0	0	0
/input/images/workflow-summary-bpmn.png	213911	-	-	-	0	0	0	0	0	0	0	0	0	0	0	0	0	0	0	0	0	3	0	0	0	0	0	0	0
/input/images/workflow-d-administer-vaccine.png	291007	-	-	-	0	0	0	0	0	0	0	0	0	0	0	0	0	0	0	0	0	5	0	0	0	0	0	0	0
/input/images/start-event.png	2167	-	-	-	0	0	0	0	0	0	0	0	0	0	0	0	0	0	0	0	0	1	0	0	0	0	0	0	0
/input/images/loop-activity.png	2956	-	-	-	0	0	0	0	0	0	0	0	0	0	0	0	0	0	0	0	0	3	0	0	0	0	0	0	0
/input/images/sequence-flow.png	712	-	-	-	0	0	0	0	0	0	0	0	0	0	0	0	0	0	0	0	0	2	0	0	0	0	0	0	0
/input/images/icon-i-report-generation.png	6857	-	-	-	0	0	0	0	0	0	0	0	0	0	0	0	0	0	0	0	0	1	0	0	0	0	0	0	0
/input/images/coat_of_arms.png	239958	-	-	-	0	0	0	0	0	0	0	0	0	0	0	0	0	0	0	0	0	1	0	0	0	0	0	0	0
/input/images/icon-c-client-registration.png	4629	-	-	-	0	0	0	0	0	0	0	0	0	0	0	0	0	0	0	0	0	1	0	0	0	0	0	0	0
/input/images/workflow-h-resolve-duplicate-event.png	158613	-	-	-	0	0	0	0	0	0	0	0	0	0	0	0	0	0	0	0	0	2	0	0	0	0	0	0	0
/temp/pages/_includes/artifacts.xml	243507	-	-	-	-	-	-	-	-	-	-	-	-	-	-	-	-	-	-	-	-	4	0	0	0	0	0	0	0
