"Id","Path","Slice Name","Alias(s)","Label","Min","Max","Must Support?","Is Modifier?","Is Summary?","Type(s)","Short","Definition","Comments","Requirements","Default Value","Meaning When Missing","Fixed Value","Pattern","Example","Minimum Value","Maximum Value","Maximum Length","Binding Strength","Binding Description","Binding Value Set","Code","Slicing Discriminator","Slicing Description","Slicing Ordered","Slicing Rules","Base Path","Base Min","Base Max","Condition(s)","Constraint(s)","Mapping: NG DR-TB Treatment Register Column Mapping"
"NgDRTBTreatmentRegister","NgDRTBTreatmentRegister","","","",0,*,"","","","null {[]} {[]}
","NG DR-TB Treatment Register","Logical model for the Nigeria National Tuberculosis and Leprosy Control
Programme DR-TB Treatment Register. One model instance represents a DR-TB
treatment register and contains repeatable patient entries covering
registration, treatment initiation, diagnosis and baseline investigations,
longitudinal bacteriological follow-up, TB/HIV activities and treatment
outcomes.","","","","","","","","","",,,,,"",,,,"Base",0,*,"",""
"NgDRTBTreatmentRegister.identifier","NgDRTBTreatmentRegister.identifier","","","",0,1,"","","","Identifier {[]} {[]}
","Register identifier","Identifier assigned to the DR-TB treatment register or its electronic equivalent.","","","","","","","","","",,,,,"",,,,"NgDRTBTreatmentRegister.identifier",0,1,"",""
"NgDRTBTreatmentRegister.treatmentUnit","NgDRTBTreatmentRegister.treatmentUnit","","","",0,1,"","","","Reference {[]} {[CanonicalType[https://fhir-ig.digitalhealth.gov.ng/StructureDefinition/ng-organization]]}
","DR-TB treatment unit/facility reference","Reference to the DR-TB treatment unit or facility maintaining the register, when available.","","","","","","","","","",,,,,"",,,,"NgDRTBTreatmentRegister.treatmentUnit",0,1,"",""
"NgDRTBTreatmentRegister.treatmentUnitName","NgDRTBTreatmentRegister.treatmentUnitName","","","",0,1,"","","","string {[]} {[]}
","Name of DR-TB treatment unit/facility","Name of the DR-TB treatment unit or facility maintaining the register.","","","","","","","","","",,,,,"",,,,"NgDRTBTreatmentRegister.treatmentUnitName",0,1,"","","Page 2 Header: Name of DR-TB Treatment Unit/Facility"
"NgDRTBTreatmentRegister.state","NgDRTBTreatmentRegister.state","","","",1,1,"","","","Coding {[]} {[]}
","State","State in which the DR-TB register is maintained.","","","","","","","","","",,"required","","https://fhir-ig.digitalhealth.gov.ng/ValueSet/ng-states-vs","",,,,"NgDRTBTreatmentRegister.state",1,1,"","","Page 1 Header: Name of State"
"NgDRTBTreatmentRegister.lga","NgDRTBTreatmentRegister.lga","","","",1,1,"","","","Coding {[]} {[]}
","LGA","Local Government Area in which the DR-TB register is maintained.","","","","","","","","","",,"required","","https://fhir-ig.digitalhealth.gov.ng/ValueSet/ng-lgas-vs","",,,,"NgDRTBTreatmentRegister.lga",1,1,"","","Page 1 Header: Name of LGA"
"NgDRTBTreatmentRegister.quarter","NgDRTBTreatmentRegister.quarter","","","",0,1,"","","","positiveInt {[]} {[]}
","Quarter","Reporting quarter shown on the continuation/follow-up page of the source register.","","","","","","","","","",,,,,"",,,,"NgDRTBTreatmentRegister.quarter",0,1,"","","Page 2 Header: Quarter"
"NgDRTBTreatmentRegister.month","NgDRTBTreatmentRegister.month","","","",0,1,"","","","positiveInt {[]} {[]}
","Month","Reporting month shown on the continuation/follow-up page of the source register.","","","","","","","","","",,,,,"",,,,"NgDRTBTreatmentRegister.month",0,1,"","","Page 2 Header: Month"
"NgDRTBTreatmentRegister.year","NgDRTBTreatmentRegister.year","","","",0,1,"","","","positiveInt {[]} {[]}
","Year","Reporting year shown on the continuation/follow-up page of the source register.","","","","","","","","","",,,,,"",,,,"NgDRTBTreatmentRegister.year",0,1,"","","Page 2 Header: Year"
"NgDRTBTreatmentRegister.entry","NgDRTBTreatmentRegister.entry","","","",1,*,"","","","BackboneElement {[]} {[]}
","DR-TB treatment register entry","One longitudinal patient row in the DR-TB Treatment Register.","","","","","","","","","",,,,,"",,,,"NgDRTBTreatmentRegister.entry",1,*,"","ele-1:All FHIR elements must have a @value or children {hasValue() or (children().count() > id.count())}
"
"NgDRTBTreatmentRegister.entry.id","NgDRTBTreatmentRegister.entry.id","","","",0,1,"","","","string {[]} {[]}
","Unique id for inter-element referencing","Unique id for the element within a resource (for internal references). This may be any string value that does not contain spaces.","","","","","","","","","",,,,,"",,,,"Element.id",0,1,"",""
"NgDRTBTreatmentRegister.entry.extension","NgDRTBTreatmentRegister.entry.extension","","extensions
user content","",0,*,"","","","Extension {[]} {[]}
","Additional content defined by implementations","May be used to represent additional information that is not part of the basic definition of the element. To make the use of extensions safe and manageable, there is a strict set of governance  applied to the definition and use of extensions. Though any implementer can define an extension, there is a set of requirements that SHALL be met as part of the definition of the extension.","There can be no stigma associated with the use of extensions by any application, project, or standard - regardless of the institution or jurisdiction that uses or defines the extensions.  The use of extensions is what allows the FHIR specification to retain a core level of simplicity for everyone.","","","","","","","","",,,,,"","value:url}
","Extensions are always sliced by (at least) url",,"open","Element.extension",0,*,"","ele-1:All FHIR elements must have a @value or children {hasValue() or (children().count() > id.count())}
ext-1:Must have either extensions or value[x], not both {extension.exists() != value.exists()}"
"NgDRTBTreatmentRegister.entry.modifierExtension","NgDRTBTreatmentRegister.entry.modifierExtension","","extensions
user contentmodifiers","",0,*,"","Y","Y","Extension {[]} {[]}
","Extensions that cannot be ignored even if unrecognized","May be used to represent additional information that is not part of the basic definition of the element and that modifies the understanding of the element in which it is contained and/or the understanding of the containing element's descendants. Usually modifier elements provide negation or qualification. To make the use of extensions safe and manageable, there is a strict set of governance applied to the definition and use of extensions. Though any implementer can define an extension, there is a set of requirements that SHALL be met as part of the definition of the extension. Applications processing a resource are required to check for modifier extensions.

Modifier extensions SHALL NOT change the meaning of any elements on Resource or DomainResource (including cannot change the meaning of modifierExtension itself).","There can be no stigma associated with the use of extensions by any application, project, or standard - regardless of the institution or jurisdiction that uses or defines the extensions.  The use of extensions is what allows the FHIR specification to retain a core level of simplicity for everyone.","Modifier extensions allow for extensions that *cannot* be safely ignored to be clearly distinguished from the vast majority of extensions which can be safely ignored.  This promotes interoperability by eliminating the need for implementers to prohibit the presence of extensions. For further information, see the [definition of modifier extensions](http://hl7.org/fhir/R4/extensibility.html#modifierExtension).","","","","","","","",,,,,"",,,,"BackboneElement.modifierExtension",0,*,"","ele-1:All FHIR elements must have a @value or children {hasValue() or (children().count() > id.count())}
ext-1:Must have either extensions or value[x], not both {extension.exists() != value.exists()}"
"NgDRTBTreatmentRegister.entry.subject","NgDRTBTreatmentRegister.entry.subject","","","",0,1,"","","","Reference {[]} {[CanonicalType[https://fhir-ig.digitalhealth.gov.ng/StructureDefinition/ng-patient]]}
","Patient reference","Reference to the corresponding Nigeria Core Patient resource, when available.","","","","","","","","","",,,,,"",,,,"NgDRTBTreatmentRegister.entry.subject",0,1,"",""
"NgDRTBTreatmentRegister.entry.patientSerialNumber","NgDRTBTreatmentRegister.entry.patientSerialNumber","","","",1,1,"","","","positiveInt {[]} {[]}
","Patient serial number","Sequential patient serial number assigned within the register.","","","","","","","","","",,,,,"",,,,"NgDRTBTreatmentRegister.entry.patientSerialNumber",1,1,"","","Patient Serial Number"
"NgDRTBTreatmentRegister.entry.dateRegistered","NgDRTBTreatmentRegister.entry.dateRegistered","","","",1,1,"","","","date {[]} {[]}
","Date registered","Date the patient was entered into the DR-TB treatment register.","","","","","","","","","",,,,,"",,,,"NgDRTBTreatmentRegister.entry.dateRegistered",1,1,"","","Date Registered"
"NgDRTBTreatmentRegister.entry.placeOfInitiation","NgDRTBTreatmentRegister.entry.placeOfInitiation","","","",1,1,"","","","code {[]} {[]}
","Place of initiation","Place where DR-TB treatment was initiated. Source values are C for Community and TC for Treatment Centre.","","","","","","","","","",,,,,"",,,,"NgDRTBTreatmentRegister.entry.placeOfInitiation",1,1,"","","Place of Initiation: C = Community / TC = Treatment Centre"
"NgDRTBTreatmentRegister.entry.lgaDrTbRegistrationNumber","NgDRTBTreatmentRegister.entry.lgaDrTbRegistrationNumber","","","",1,1,"","","","string {[]} {[]}
","LGA DR-TB registration number","Programme registration number assigned to the patient for DR-TB care.","","","","","","","","","",,,,,"",,,,"NgDRTBTreatmentRegister.entry.lgaDrTbRegistrationNumber",1,1,"","","LGA DR-TB Registration Number"
"NgDRTBTreatmentRegister.entry.patientName","NgDRTBTreatmentRegister.entry.patientName","","","",1,1,"","","","string {[]} {[]}
","Name of patient","Patient name as recorded in the DR-TB treatment register.","","","","","","","","","",,,,,"",,,,"NgDRTBTreatmentRegister.entry.patientName",1,1,"","","Name of Patient"
"NgDRTBTreatmentRegister.entry.sex","NgDRTBTreatmentRegister.entry.sex","","","",1,1,"","","","Coding {[]} {[]}
","Sex","Patient sex as recorded in the source register.","","","","","","","","","",,"required","","https://fhir-ig.digitalhealth.gov.ng/ValueSet/ng-gender-vs","",,,,"NgDRTBTreatmentRegister.entry.sex",1,1,"","","Sex: M or F"
"NgDRTBTreatmentRegister.entry.age","NgDRTBTreatmentRegister.entry.age","","","",0,1,"","","","integer {[]} {[]}
","Age","Patient age at registration.","","","","","","","","","",,,,,"",,,,"NgDRTBTreatmentRegister.entry.age",0,1,"","","Age: Above - Insert Age"
"NgDRTBTreatmentRegister.entry.dateOfBirth","NgDRTBTreatmentRegister.entry.dateOfBirth","","","",0,1,"","","","date {[]} {[]}
","Date of birth","Patient date of birth. The source register records age above and date of birth below in the same column.","","","","","","","","","",,,,,"",,,,"NgDRTBTreatmentRegister.entry.dateOfBirth",0,1,"","","Age: Below - Insert Date of Birth"
"NgDRTBTreatmentRegister.entry.patientAddress","NgDRTBTreatmentRegister.entry.patientAddress","","","",0,1,"","","","string {[]} {[]}
","Patient address","Full address of the patient.","","","","","","","","","",,,,,"",,,,"NgDRTBTreatmentRegister.entry.patientAddress",0,1,"","","Address of Patient in Full"
"NgDRTBTreatmentRegister.entry.referringFacility","NgDRTBTreatmentRegister.entry.referringFacility","","","",0,1,"","","","Reference {[]} {[CanonicalType[https://fhir-ig.digitalhealth.gov.ng/StructureDefinition/ng-organization]]}
","Referring health facility reference","Reference to the health facility that referred the patient, when available.","","","","","","","","","",,,,,"",,,,"NgDRTBTreatmentRegister.entry.referringFacility",0,1,"",""
"NgDRTBTreatmentRegister.entry.referringFacilityName","NgDRTBTreatmentRegister.entry.referringFacilityName","","","",0,1,"","","","string {[]} {[]}
","Referring health facility","Full name of the referring health facility.","","","","","","","","","",,,,,"",,,,"NgDRTBTreatmentRegister.entry.referringFacilityName",0,1,"","","Name of the Referring Health Facility in Full"
"NgDRTBTreatmentRegister.entry.referringFacilityState","NgDRTBTreatmentRegister.entry.referringFacilityState","","","",0,1,"","","","Coding {[]} {[]}
","Referring facility state","State of the referring health facility.","","","","","","","","","",,"required","","https://fhir-ig.digitalhealth.gov.ng/ValueSet/ng-states-vs","",,,,"NgDRTBTreatmentRegister.entry.referringFacilityState",0,1,"","","Referring Health Facility: Above - Enter Name of State"
"NgDRTBTreatmentRegister.entry.referringFacilityLga","NgDRTBTreatmentRegister.entry.referringFacilityLga","","","",0,1,"","","","Coding {[]} {[]}
","Referring facility LGA","LGA of the referring health facility.","","","","","","","","","",,"required","","https://fhir-ig.digitalhealth.gov.ng/ValueSet/ng-lgas-vs","",,,,"NgDRTBTreatmentRegister.entry.referringFacilityLga",0,1,"","","Referring Health Facility: Below - Enter Name of LGA"
"NgDRTBTreatmentRegister.entry.previousSecondLineTbDrugIntake","NgDRTBTreatmentRegister.entry.previousSecondLineTbDrugIntake","","","",0,1,"","","","boolean {[]} {[]}
","Previous intake of second-line TB drugs","Indicates whether the patient previously received second-line anti-TB drugs.","","","","","","","","","",,,,,"",,,,"NgDRTBTreatmentRegister.entry.previousSecondLineTbDrugIntake",0,1,"","","Previous intake of second line TB drugs: Above Y/N"
"NgDRTBTreatmentRegister.entry.previousSecondLineTbDrugIntakeDate","NgDRTBTreatmentRegister.entry.previousSecondLineTbDrugIntakeDate","","","",0,1,"","","","date {[]} {[]}
","Date of previous second-line TB drug intake","Relevant date recorded beneath the previous second-line drug-intake indicator.","","","","","","","","","",,,,,"",,,,"NgDRTBTreatmentRegister.entry.previousSecondLineTbDrugIntakeDate",0,1,"","","Previous intake of second line TB drugs: Below date"
"NgDRTBTreatmentRegister.entry.weightKg","NgDRTBTreatmentRegister.entry.weightKg","","","",0,1,"","","","decimal {[]} {[]}
","Weight in kilograms","Patient weight recorded at registration.","","","","","","","","","",,,,,"",,,,"NgDRTBTreatmentRegister.entry.weightKg",0,1,"","","Weight (kg): Above"
"NgDRTBTreatmentRegister.entry.heightCm","NgDRTBTreatmentRegister.entry.heightCm","","","",0,1,"","","","decimal {[]} {[]}
","Height in centimetres","Patient height recorded at registration.","","","","","","","","","",,,,,"",,,,"NgDRTBTreatmentRegister.entry.heightCm",0,1,"","","Height (cm): Below"
"NgDRTBTreatmentRegister.entry.treatmentRegimen","NgDRTBTreatmentRegister.entry.treatmentRegimen","","","",1,1,"","","","code {[]} {[]}
","Type of treatment regimen","DR-TB treatment regimen recorded in the source register.
Expected source categories are:
Shorter Regimen (Injectable),
Shorter Regimen (Bdq),
Individualized (Pre-XDR),
Individualized (XDR).","","","","","","","","","",,,,,"",,,,"NgDRTBTreatmentRegister.entry.treatmentRegimen",1,1,"","","Type of Treatment Regimen"
"NgDRTBTreatmentRegister.entry.newDrugInRegimen","NgDRTBTreatmentRegister.entry.newDrugInRegimen","","","",0,*,"","","","code {[]} {[]}
","New drug in regimen","New DR-TB drug included in the regimen. Source examples are Bdq (Bedaquiline) and Dlm (Delamanid).","","","","","","","","","",,,,,"",,,,"NgDRTBTreatmentRegister.entry.newDrugInRegimen",0,*,"","","Enter Bdq or Dlm if patient's regimen contains new drugs"
"NgDRTBTreatmentRegister.entry.treatmentStartDate","NgDRTBTreatmentRegister.entry.treatmentStartDate","","","",1,1,"","","","date {[]} {[]}
","Date treatment started","Date the patient's DR-TB treatment regimen was started.","","","","","","","","","",,,,,"",,,,"NgDRTBTreatmentRegister.entry.treatmentStartDate",1,1,"","","Date treatment started"
"NgDRTBTreatmentRegister.entry.siteOfDisease","NgDRTBTreatmentRegister.entry.siteOfDisease","","","",1,1,"","","","code {[]} {[]}
","Site of disease","Site of TB disease. Source values are P for Pulmonary and EP for Extra-pulmonary.","","","","","","","","","",,,,,"",,,,"NgDRTBTreatmentRegister.entry.siteOfDisease",1,1,"","","Site of Disease: P = Pulmonary / EP = Extra-pulmonary"
"NgDRTBTreatmentRegister.entry.registrationGroup","NgDRTBTreatmentRegister.entry.registrationGroup","","","",1,1,"","","","code {[]} {[]}
","Registration group","Initial DR-TB registration classification. The source requires one of:
New,
Relapse,
Treatment after failure,
Treatment after loss to follow-up,
Other previously treated TB patient,
Unknown previous TB treatment history,
Transferred in.","","","","","","","","","",,,,,"",,,,"NgDRTBTreatmentRegister.entry.registrationGroup",1,1,"","","Registration Group (Tick only one)"
"NgDRTBTreatmentRegister.entry.baselineInvestigation","NgDRTBTreatmentRegister.entry.baselineInvestigation","","","",0,1,"","","","BackboneElement {[]} {[]}
","Diagnosis and baseline investigations","Baseline bacteriological investigations, second-line LPA/DST and X-ray information recorded before or around treatment initiation.","","","","","","","","","",,,,,"",,,,"NgDRTBTreatmentRegister.entry.baselineInvestigation",0,1,"","ele-1:All FHIR elements must have a @value or children {hasValue() or (children().count() > id.count())}
"
"NgDRTBTreatmentRegister.entry.baselineInvestigation.id","NgDRTBTreatmentRegister.entry.baselineInvestigation.id","","","",0,1,"","","","string {[]} {[]}
","Unique id for inter-element referencing","Unique id for the element within a resource (for internal references). This may be any string value that does not contain spaces.","","","","","","","","","",,,,,"",,,,"Element.id",0,1,"",""
"NgDRTBTreatmentRegister.entry.baselineInvestigation.extension","NgDRTBTreatmentRegister.entry.baselineInvestigation.extension","","extensions
user content","",0,*,"","","","Extension {[]} {[]}
","Additional content defined by implementations","May be used to represent additional information that is not part of the basic definition of the element. To make the use of extensions safe and manageable, there is a strict set of governance  applied to the definition and use of extensions. Though any implementer can define an extension, there is a set of requirements that SHALL be met as part of the definition of the extension.","There can be no stigma associated with the use of extensions by any application, project, or standard - regardless of the institution or jurisdiction that uses or defines the extensions.  The use of extensions is what allows the FHIR specification to retain a core level of simplicity for everyone.","","","","","","","","",,,,,"","value:url}
","Extensions are always sliced by (at least) url",,"open","Element.extension",0,*,"","ele-1:All FHIR elements must have a @value or children {hasValue() or (children().count() > id.count())}
ext-1:Must have either extensions or value[x], not both {extension.exists() != value.exists()}"
"NgDRTBTreatmentRegister.entry.baselineInvestigation.modifierExtension","NgDRTBTreatmentRegister.entry.baselineInvestigation.modifierExtension","","extensions
user contentmodifiers","",0,*,"","Y","Y","Extension {[]} {[]}
","Extensions that cannot be ignored even if unrecognized","May be used to represent additional information that is not part of the basic definition of the element and that modifies the understanding of the element in which it is contained and/or the understanding of the containing element's descendants. Usually modifier elements provide negation or qualification. To make the use of extensions safe and manageable, there is a strict set of governance applied to the definition and use of extensions. Though any implementer can define an extension, there is a set of requirements that SHALL be met as part of the definition of the extension. Applications processing a resource are required to check for modifier extensions.

Modifier extensions SHALL NOT change the meaning of any elements on Resource or DomainResource (including cannot change the meaning of modifierExtension itself).","There can be no stigma associated with the use of extensions by any application, project, or standard - regardless of the institution or jurisdiction that uses or defines the extensions.  The use of extensions is what allows the FHIR specification to retain a core level of simplicity for everyone.","Modifier extensions allow for extensions that *cannot* be safely ignored to be clearly distinguished from the vast majority of extensions which can be safely ignored.  This promotes interoperability by eliminating the need for implementers to prohibit the presence of extensions. For further information, see the [definition of modifier extensions](http://hl7.org/fhir/R4/extensibility.html#modifierExtension).","","","","","","","",,,,,"",,,,"BackboneElement.modifierExtension",0,*,"","ele-1:All FHIR elements must have a @value or children {hasValue() or (children().count() > id.count())}
ext-1:Must have either extensions or value[x], not both {extension.exists() != value.exists()}"
"NgDRTBTreatmentRegister.entry.baselineInvestigation.date","NgDRTBTreatmentRegister.entry.baselineInvestigation.date","","","",0,1,"","","","date {[]} {[]}
","Baseline investigation date","Date associated with the baseline bacteriological investigations.","","","","","","","","","",,,,,"",,,,"NgDRTBTreatmentRegister.entry.baselineInvestigation.date",0,1,"","","Diagnosis and Baseline Investigations: date"
"NgDRTBTreatmentRegister.entry.baselineInvestigation.xpertRifampicinResult","NgDRTBTreatmentRegister.entry.baselineInvestigation.xpertRifampicinResult","","","",0,1,"","","","code {[]} {[]}
","Baseline Xpert rifampicin result","Xpert MTB/RIF resistance result. Expected source values are Resistant, Susceptible or Not done.","","","","","","","","","",,,,,"",,,,"NgDRTBTreatmentRegister.entry.baselineInvestigation.xpertRifampicinResult",0,1,"","","Baseline: Xpert"
"NgDRTBTreatmentRegister.entry.baselineInvestigation.afbResult","NgDRTBTreatmentRegister.entry.baselineInvestigation.afbResult","","","",0,1,"","","","code {[]} {[]}
","Baseline AFB result","Baseline smear microscopy result. Expected source values are Positive, Negative or Not done.","","","","","","","","","",,,,,"",,,,"NgDRTBTreatmentRegister.entry.baselineInvestigation.afbResult",0,1,"","","Baseline: AFB"
"NgDRTBTreatmentRegister.entry.baselineInvestigation.cultureResult","NgDRTBTreatmentRegister.entry.baselineInvestigation.cultureResult","","","",0,1,"","","","code {[]} {[]}
","Baseline culture result","Baseline TB culture result. Expected source values are Positive, Negative or Contaminated.","","","","","","","","","",,,,,"",,,,"NgDRTBTreatmentRegister.entry.baselineInvestigation.cultureResult",0,1,"","","Baseline: Culture"
"NgDRTBTreatmentRegister.entry.baselineInvestigation.secondLineLpa","NgDRTBTreatmentRegister.entry.baselineInvestigation.secondLineLpa","","","",0,1,"","","","BackboneElement {[]} {[]}
","Second-line LPA result","Second-line line-probe assay information recorded in the source register.","","","","","","","","","",,,,,"",,,,"NgDRTBTreatmentRegister.entry.baselineInvestigation.secondLineLpa",0,1,"","ele-1:All FHIR elements must have a @value or children {hasValue() or (children().count() > id.count())}
"
"NgDRTBTreatmentRegister.entry.baselineInvestigation.secondLineLpa.id","NgDRTBTreatmentRegister.entry.baselineInvestigation.secondLineLpa.id","","","",0,1,"","","","string {[]} {[]}
","Unique id for inter-element referencing","Unique id for the element within a resource (for internal references). This may be any string value that does not contain spaces.","","","","","","","","","",,,,,"",,,,"Element.id",0,1,"",""
"NgDRTBTreatmentRegister.entry.baselineInvestigation.secondLineLpa.extension","NgDRTBTreatmentRegister.entry.baselineInvestigation.secondLineLpa.extension","","extensions
user content","",0,*,"","","","Extension {[]} {[]}
","Additional content defined by implementations","May be used to represent additional information that is not part of the basic definition of the element. To make the use of extensions safe and manageable, there is a strict set of governance  applied to the definition and use of extensions. Though any implementer can define an extension, there is a set of requirements that SHALL be met as part of the definition of the extension.","There can be no stigma associated with the use of extensions by any application, project, or standard - regardless of the institution or jurisdiction that uses or defines the extensions.  The use of extensions is what allows the FHIR specification to retain a core level of simplicity for everyone.","","","","","","","","",,,,,"","value:url}
","Extensions are always sliced by (at least) url",,"open","Element.extension",0,*,"","ele-1:All FHIR elements must have a @value or children {hasValue() or (children().count() > id.count())}
ext-1:Must have either extensions or value[x], not both {extension.exists() != value.exists()}"
"NgDRTBTreatmentRegister.entry.baselineInvestigation.secondLineLpa.modifierExtension","NgDRTBTreatmentRegister.entry.baselineInvestigation.secondLineLpa.modifierExtension","","extensions
user contentmodifiers","",0,*,"","Y","Y","Extension {[]} {[]}
","Extensions that cannot be ignored even if unrecognized","May be used to represent additional information that is not part of the basic definition of the element and that modifies the understanding of the element in which it is contained and/or the understanding of the containing element's descendants. Usually modifier elements provide negation or qualification. To make the use of extensions safe and manageable, there is a strict set of governance applied to the definition and use of extensions. Though any implementer can define an extension, there is a set of requirements that SHALL be met as part of the definition of the extension. Applications processing a resource are required to check for modifier extensions.

Modifier extensions SHALL NOT change the meaning of any elements on Resource or DomainResource (including cannot change the meaning of modifierExtension itself).","There can be no stigma associated with the use of extensions by any application, project, or standard - regardless of the institution or jurisdiction that uses or defines the extensions.  The use of extensions is what allows the FHIR specification to retain a core level of simplicity for everyone.","Modifier extensions allow for extensions that *cannot* be safely ignored to be clearly distinguished from the vast majority of extensions which can be safely ignored.  This promotes interoperability by eliminating the need for implementers to prohibit the presence of extensions. For further information, see the [definition of modifier extensions](http://hl7.org/fhir/R4/extensibility.html#modifierExtension).","","","","","","","",,,,,"",,,,"BackboneElement.modifierExtension",0,*,"","ele-1:All FHIR elements must have a @value or children {hasValue() or (children().count() > id.count())}
ext-1:Must have either extensions or value[x], not both {extension.exists() != value.exists()}"
"NgDRTBTreatmentRegister.entry.baselineInvestigation.secondLineLpa.aminoglycosideName","NgDRTBTreatmentRegister.entry.baselineInvestigation.secondLineLpa.aminoglycosideName","","","",0,1,"","","","string {[]} {[]}
","Aminoglycoside name","Name of the aminoglycoside recorded for the second-line LPA.","","","","","","","","","",,,,,"",,,,"NgDRTBTreatmentRegister.entry.baselineInvestigation.secondLineLpa.aminoglycosideName",0,1,"","","LPA Second-line: Above - Name of Aminoglycoside"
"NgDRTBTreatmentRegister.entry.baselineInvestigation.secondLineLpa.aminoglycosideResistancePattern","NgDRTBTreatmentRegister.entry.baselineInvestigation.secondLineLpa.aminoglycosideResistancePattern","","","",0,1,"","","","string {[]} {[]}
","Aminoglycoside resistance pattern","Resistance pattern recorded for the aminoglycoside.","","","","","","","","","",,,,,"",,,,"NgDRTBTreatmentRegister.entry.baselineInvestigation.secondLineLpa.aminoglycosideResistancePattern",0,1,"","","LPA Second-line: Below - Aminoglycoside resistant pattern"
"NgDRTBTreatmentRegister.entry.baselineInvestigation.secondLineLpa.quinoloneName","NgDRTBTreatmentRegister.entry.baselineInvestigation.secondLineLpa.quinoloneName","","","",0,1,"","","","string {[]} {[]}
","Quinolone name","Name of the quinolone recorded for the second-line LPA.","","","","","","","","","",,,,,"",,,,"NgDRTBTreatmentRegister.entry.baselineInvestigation.secondLineLpa.quinoloneName",0,1,"","","LPA Second-line: Above - Name of Quinolone"
"NgDRTBTreatmentRegister.entry.baselineInvestigation.secondLineLpa.quinoloneResistancePattern","NgDRTBTreatmentRegister.entry.baselineInvestigation.secondLineLpa.quinoloneResistancePattern","","","",0,1,"","","","string {[]} {[]}
","Quinolone resistance pattern","Resistance pattern recorded for the quinolone.","","","","","","","","","",,,,,"",,,,"NgDRTBTreatmentRegister.entry.baselineInvestigation.secondLineLpa.quinoloneResistancePattern",0,1,"","","LPA Second-line: Below - Quinolone resistant pattern"
"NgDRTBTreatmentRegister.entry.baselineInvestigation.dst","NgDRTBTreatmentRegister.entry.baselineInvestigation.dst","","","",0,1,"","","","BackboneElement {[]} {[]}
","Baseline DST results","Baseline drug-susceptibility testing results for the anti-TB drugs represented as individual columns in the source register.","","","","","","","","","",,,,,"",,,,"NgDRTBTreatmentRegister.entry.baselineInvestigation.dst",0,1,"","ele-1:All FHIR elements must have a @value or children {hasValue() or (children().count() > id.count())}
"
"NgDRTBTreatmentRegister.entry.baselineInvestigation.dst.id","NgDRTBTreatmentRegister.entry.baselineInvestigation.dst.id","","","",0,1,"","","","string {[]} {[]}
","Unique id for inter-element referencing","Unique id for the element within a resource (for internal references). This may be any string value that does not contain spaces.","","","","","","","","","",,,,,"",,,,"Element.id",0,1,"",""
"NgDRTBTreatmentRegister.entry.baselineInvestigation.dst.extension","NgDRTBTreatmentRegister.entry.baselineInvestigation.dst.extension","","extensions
user content","",0,*,"","","","Extension {[]} {[]}
","Additional content defined by implementations","May be used to represent additional information that is not part of the basic definition of the element. To make the use of extensions safe and manageable, there is a strict set of governance  applied to the definition and use of extensions. Though any implementer can define an extension, there is a set of requirements that SHALL be met as part of the definition of the extension.","There can be no stigma associated with the use of extensions by any application, project, or standard - regardless of the institution or jurisdiction that uses or defines the extensions.  The use of extensions is what allows the FHIR specification to retain a core level of simplicity for everyone.","","","","","","","","",,,,,"","value:url}
","Extensions are always sliced by (at least) url",,"open","Element.extension",0,*,"","ele-1:All FHIR elements must have a @value or children {hasValue() or (children().count() > id.count())}
ext-1:Must have either extensions or value[x], not both {extension.exists() != value.exists()}"
"NgDRTBTreatmentRegister.entry.baselineInvestigation.dst.modifierExtension","NgDRTBTreatmentRegister.entry.baselineInvestigation.dst.modifierExtension","","extensions
user contentmodifiers","",0,*,"","Y","Y","Extension {[]} {[]}
","Extensions that cannot be ignored even if unrecognized","May be used to represent additional information that is not part of the basic definition of the element and that modifies the understanding of the element in which it is contained and/or the understanding of the containing element's descendants. Usually modifier elements provide negation or qualification. To make the use of extensions safe and manageable, there is a strict set of governance applied to the definition and use of extensions. Though any implementer can define an extension, there is a set of requirements that SHALL be met as part of the definition of the extension. Applications processing a resource are required to check for modifier extensions.

Modifier extensions SHALL NOT change the meaning of any elements on Resource or DomainResource (including cannot change the meaning of modifierExtension itself).","There can be no stigma associated with the use of extensions by any application, project, or standard - regardless of the institution or jurisdiction that uses or defines the extensions.  The use of extensions is what allows the FHIR specification to retain a core level of simplicity for everyone.","Modifier extensions allow for extensions that *cannot* be safely ignored to be clearly distinguished from the vast majority of extensions which can be safely ignored.  This promotes interoperability by eliminating the need for implementers to prohibit the presence of extensions. For further information, see the [definition of modifier extensions](http://hl7.org/fhir/R4/extensibility.html#modifierExtension).","","","","","","","",,,,,"",,,,"BackboneElement.modifierExtension",0,*,"","ele-1:All FHIR elements must have a @value or children {hasValue() or (children().count() > id.count())}
ext-1:Must have either extensions or value[x], not both {extension.exists() != value.exists()}"
"NgDRTBTreatmentRegister.entry.baselineInvestigation.dst.isoniazid","NgDRTBTreatmentRegister.entry.baselineInvestigation.dst.isoniazid","","","",0,1,"","","","code {[]} {[]}
","Isoniazid (H)","Baseline DST result for isoniazid.","","","","","","","","","",,,,,"",,,,"NgDRTBTreatmentRegister.entry.baselineInvestigation.dst.isoniazid",0,1,"","","DST Result: H"
"NgDRTBTreatmentRegister.entry.baselineInvestigation.dst.rifampicin","NgDRTBTreatmentRegister.entry.baselineInvestigation.dst.rifampicin","","","",0,1,"","","","code {[]} {[]}
","Rifampicin (R)","Baseline DST result for rifampicin.","","","","","","","","","",,,,,"",,,,"NgDRTBTreatmentRegister.entry.baselineInvestigation.dst.rifampicin",0,1,"","","DST Result: R"
"NgDRTBTreatmentRegister.entry.baselineInvestigation.dst.ethambutol","NgDRTBTreatmentRegister.entry.baselineInvestigation.dst.ethambutol","","","",0,1,"","","","code {[]} {[]}
","Ethambutol (E)","Baseline DST result for ethambutol.","","","","","","","","","",,,,,"",,,,"NgDRTBTreatmentRegister.entry.baselineInvestigation.dst.ethambutol",0,1,"","","DST Result: E"
"NgDRTBTreatmentRegister.entry.baselineInvestigation.dst.pyrazinamide","NgDRTBTreatmentRegister.entry.baselineInvestigation.dst.pyrazinamide","","","",0,1,"","","","code {[]} {[]}
","Pyrazinamide (Z)","Baseline DST result for pyrazinamide.","","","","","","","","","",,,,,"",,,,"NgDRTBTreatmentRegister.entry.baselineInvestigation.dst.pyrazinamide",0,1,"","","DST Result: Z"
"NgDRTBTreatmentRegister.entry.baselineInvestigation.dst.kanamycin","NgDRTBTreatmentRegister.entry.baselineInvestigation.dst.kanamycin","","","",0,1,"","","","code {[]} {[]}
","Kanamycin (Km)","Baseline DST result for kanamycin.","","","","","","","","","",,,,,"",,,,"NgDRTBTreatmentRegister.entry.baselineInvestigation.dst.kanamycin",0,1,"","","DST Result: Km"
"NgDRTBTreatmentRegister.entry.baselineInvestigation.dst.amikacin","NgDRTBTreatmentRegister.entry.baselineInvestigation.dst.amikacin","","","",0,1,"","","","code {[]} {[]}
","Amikacin (Am)","Baseline DST result for amikacin.","","","","","","","","","",,,,,"",,,,"NgDRTBTreatmentRegister.entry.baselineInvestigation.dst.amikacin",0,1,"","","DST Result: Am"
"NgDRTBTreatmentRegister.entry.baselineInvestigation.dst.capreomycin","NgDRTBTreatmentRegister.entry.baselineInvestigation.dst.capreomycin","","","",0,1,"","","","code {[]} {[]}
","Capreomycin (Cm)","Baseline DST result for capreomycin.","","","","","","","","","",,,,,"",,,,"NgDRTBTreatmentRegister.entry.baselineInvestigation.dst.capreomycin",0,1,"","","DST Result: Cm"
"NgDRTBTreatmentRegister.entry.baselineInvestigation.dst.levofloxacin","NgDRTBTreatmentRegister.entry.baselineInvestigation.dst.levofloxacin","","","",0,1,"","","","code {[]} {[]}
","Levofloxacin (Lfx)","Baseline DST result for levofloxacin.","","","","","","","","","",,,,,"",,,,"NgDRTBTreatmentRegister.entry.baselineInvestigation.dst.levofloxacin",0,1,"","","DST Result: Lfx"
"NgDRTBTreatmentRegister.entry.baselineInvestigation.dst.moxifloxacin","NgDRTBTreatmentRegister.entry.baselineInvestigation.dst.moxifloxacin","","","",0,1,"","","","code {[]} {[]}
","Moxifloxacin (Mfx)","Baseline DST result for moxifloxacin.","","","","","","","","","",,,,,"",,,,"NgDRTBTreatmentRegister.entry.baselineInvestigation.dst.moxifloxacin",0,1,"","","DST Result: Mfx"
"NgDRTBTreatmentRegister.entry.baselineInvestigation.dst.protionamideEthionamide","NgDRTBTreatmentRegister.entry.baselineInvestigation.dst.protionamideEthionamide","","","",0,1,"","","","code {[]} {[]}
","Protionamide/Ethionamide (Pto/Eto)","Baseline DST result for protionamide or ethionamide.","","","","","","","","","",,,,,"",,,,"NgDRTBTreatmentRegister.entry.baselineInvestigation.dst.protionamideEthionamide",0,1,"","","DST Result: Pto/Eto"
"NgDRTBTreatmentRegister.entry.baselineInvestigation.dst.cycloserine","NgDRTBTreatmentRegister.entry.baselineInvestigation.dst.cycloserine","","","",0,1,"","","","code {[]} {[]}
","Cycloserine (Cs)","Baseline DST result for cycloserine.","","","","","","","","","",,,,,"",,,,"NgDRTBTreatmentRegister.entry.baselineInvestigation.dst.cycloserine",0,1,"","","DST Result: Cs"
"NgDRTBTreatmentRegister.entry.baselineInvestigation.dst.linezolid","NgDRTBTreatmentRegister.entry.baselineInvestigation.dst.linezolid","","","",0,1,"","","","code {[]} {[]}
","Linezolid (Lzd)","Baseline DST result for linezolid.","","","","","","","","","",,,,,"",,,,"NgDRTBTreatmentRegister.entry.baselineInvestigation.dst.linezolid",0,1,"","","DST Result: Lzd"
"NgDRTBTreatmentRegister.entry.baselineInvestigation.dst.bedaquiline","NgDRTBTreatmentRegister.entry.baselineInvestigation.dst.bedaquiline","","","",0,1,"","","","code {[]} {[]}
","Bedaquiline (Bdq)","Baseline DST result for bedaquiline.","","","","","","","","","",,,,,"",,,,"NgDRTBTreatmentRegister.entry.baselineInvestigation.dst.bedaquiline",0,1,"","","DST Result: Bdq"
"NgDRTBTreatmentRegister.entry.baselineInvestigation.dst.otherDrugName","NgDRTBTreatmentRegister.entry.baselineInvestigation.dst.otherDrugName","","","",0,1,"","","","string {[]} {[]}
","Other drug","Name of another anti-TB drug represented by the Other column.","","","","","","","","","",,,,,"",,,,"NgDRTBTreatmentRegister.entry.baselineInvestigation.dst.otherDrugName",0,1,"",""
"NgDRTBTreatmentRegister.entry.baselineInvestigation.dst.otherDrugResult","NgDRTBTreatmentRegister.entry.baselineInvestigation.dst.otherDrugResult","","","",0,1,"","","","code {[]} {[]}
","Other drug DST result","Baseline DST result for the drug entered in otherDrugName.","","","","","","","","","",,,,,"",,,,"NgDRTBTreatmentRegister.entry.baselineInvestigation.dst.otherDrugResult",0,1,"","","DST Result: Other"
"NgDRTBTreatmentRegister.entry.baselineInvestigation.xrayDone","NgDRTBTreatmentRegister.entry.baselineInvestigation.xrayDone","","","",0,1,"","","","boolean {[]} {[]}
","X-ray done","Indicates whether a chest X-ray was performed.","","","","","","","","","",,,,,"",,,,"NgDRTBTreatmentRegister.entry.baselineInvestigation.xrayDone",0,1,"","","X-Ray done?: Above Y/N"
"NgDRTBTreatmentRegister.entry.baselineInvestigation.xrayLesionPresent","NgDRTBTreatmentRegister.entry.baselineInvestigation.xrayLesionPresent","","","",0,1,"","","","boolean {[]} {[]}
","X-ray lesion present","Indicates whether a lesion was reported when an X-ray was performed.","","","","","","","","","",,,,,"",,,,"NgDRTBTreatmentRegister.entry.baselineInvestigation.xrayLesionPresent",0,1,"","","X-Ray done?: Below - If lesion Y/N"
"NgDRTBTreatmentRegister.entry.followUpInvestigation","NgDRTBTreatmentRegister.entry.followUpInvestigation","","","",0,*,"","","","BackboneElement {[]} {[]}
","Follow-up investigation","Monthly smear and culture examination during DR-TB treatment follow-up.","","","","","","","","","",,,,,"",,,,"NgDRTBTreatmentRegister.entry.followUpInvestigation",0,*,"","ele-1:All FHIR elements must have a @value or children {hasValue() or (children().count() > id.count())}
"
"NgDRTBTreatmentRegister.entry.followUpInvestigation.id","NgDRTBTreatmentRegister.entry.followUpInvestigation.id","","","",0,1,"","","","string {[]} {[]}
","Unique id for inter-element referencing","Unique id for the element within a resource (for internal references). This may be any string value that does not contain spaces.","","","","","","","","","",,,,,"",,,,"Element.id",0,1,"",""
"NgDRTBTreatmentRegister.entry.followUpInvestigation.extension","NgDRTBTreatmentRegister.entry.followUpInvestigation.extension","","extensions
user content","",0,*,"","","","Extension {[]} {[]}
","Additional content defined by implementations","May be used to represent additional information that is not part of the basic definition of the element. To make the use of extensions safe and manageable, there is a strict set of governance  applied to the definition and use of extensions. Though any implementer can define an extension, there is a set of requirements that SHALL be met as part of the definition of the extension.","There can be no stigma associated with the use of extensions by any application, project, or standard - regardless of the institution or jurisdiction that uses or defines the extensions.  The use of extensions is what allows the FHIR specification to retain a core level of simplicity for everyone.","","","","","","","","",,,,,"","value:url}
","Extensions are always sliced by (at least) url",,"open","Element.extension",0,*,"","ele-1:All FHIR elements must have a @value or children {hasValue() or (children().count() > id.count())}
ext-1:Must have either extensions or value[x], not both {extension.exists() != value.exists()}"
"NgDRTBTreatmentRegister.entry.followUpInvestigation.modifierExtension","NgDRTBTreatmentRegister.entry.followUpInvestigation.modifierExtension","","extensions
user contentmodifiers","",0,*,"","Y","Y","Extension {[]} {[]}
","Extensions that cannot be ignored even if unrecognized","May be used to represent additional information that is not part of the basic definition of the element and that modifies the understanding of the element in which it is contained and/or the understanding of the containing element's descendants. Usually modifier elements provide negation or qualification. To make the use of extensions safe and manageable, there is a strict set of governance applied to the definition and use of extensions. Though any implementer can define an extension, there is a set of requirements that SHALL be met as part of the definition of the extension. Applications processing a resource are required to check for modifier extensions.

Modifier extensions SHALL NOT change the meaning of any elements on Resource or DomainResource (including cannot change the meaning of modifierExtension itself).","There can be no stigma associated with the use of extensions by any application, project, or standard - regardless of the institution or jurisdiction that uses or defines the extensions.  The use of extensions is what allows the FHIR specification to retain a core level of simplicity for everyone.","Modifier extensions allow for extensions that *cannot* be safely ignored to be clearly distinguished from the vast majority of extensions which can be safely ignored.  This promotes interoperability by eliminating the need for implementers to prohibit the presence of extensions. For further information, see the [definition of modifier extensions](http://hl7.org/fhir/R4/extensibility.html#modifierExtension).","","","","","","","",,,,,"",,,,"BackboneElement.modifierExtension",0,*,"","ele-1:All FHIR elements must have a @value or children {hasValue() or (children().count() > id.count())}
ext-1:Must have either extensions or value[x], not both {extension.exists() != value.exists()}"
"NgDRTBTreatmentRegister.entry.followUpInvestigation.month","NgDRTBTreatmentRegister.entry.followUpInvestigation.month","","","",1,1,"","","","positiveInt {[]} {[]}
","Treatment month","Treatment follow-up month. The source register provides Months 1 through 27.","","","","","","","","","",,,,,"",,,,"NgDRTBTreatmentRegister.entry.followUpInvestigation.month",1,1,"","","Follow-up Investigations: Month 1 through Month 27"
"NgDRTBTreatmentRegister.entry.followUpInvestigation.date","NgDRTBTreatmentRegister.entry.followUpInvestigation.date","","","",0,1,"","","","date {[]} {[]}
","Investigation date","Date of the follow-up smear/culture examination.","","","","","","","","","",,,,,"",,,,"NgDRTBTreatmentRegister.entry.followUpInvestigation.date",0,1,"","","Follow-up Investigations: DD/MM/YY"
"NgDRTBTreatmentRegister.entry.followUpInvestigation.smearResult","NgDRTBTreatmentRegister.entry.followUpInvestigation.smearResult","","","",0,1,"","","","code {[]} {[]}
","Smear result","Follow-up AFB smear result. Expected source values are Positive, Negative or Not done.","","","","","","","","","",,,,,"",,,,"NgDRTBTreatmentRegister.entry.followUpInvestigation.smearResult",0,1,"","","Follow-up Investigations: S"
"NgDRTBTreatmentRegister.entry.followUpInvestigation.cultureResult","NgDRTBTreatmentRegister.entry.followUpInvestigation.cultureResult","","","",0,1,"","","","code {[]} {[]}
","Culture result","Follow-up culture result. Expected source values are Positive, Negative or Contaminated.","","","","","","","","","",,,,,"",,,,"NgDRTBTreatmentRegister.entry.followUpInvestigation.cultureResult",0,1,"","","Follow-up Investigations: C"
"NgDRTBTreatmentRegister.entry.hivStatus","NgDRTBTreatmentRegister.entry.hivStatus","","","",0,1,"","","","code {[]} {[]}
","HIV status","Patient HIV status. Source values are Positive, Negative or Unknown.","","","","","","","","","",,,,,"",,,,"NgDRTBTreatmentRegister.entry.hivStatus",0,1,"","","TB/HIV activities: HIV Status - Positive / Negative / Unknown"
"NgDRTBTreatmentRegister.entry.onArt","NgDRTBTreatmentRegister.entry.onArt","","","",0,1,"","","","boolean {[]} {[]}
","On ART","Indicates whether the patient is receiving antiretroviral therapy.","","","","","","","","","",,,,,"",,,,"NgDRTBTreatmentRegister.entry.onArt",0,1,"","","TB/HIV activities: ART - Above Y/N"
"NgDRTBTreatmentRegister.entry.artStartDate","NgDRTBTreatmentRegister.entry.artStartDate","","","",0,1,"","","","date {[]} {[]}
","ART start date","Date antiretroviral therapy was started.","","","","","","","","","",,,,,"",,,,"NgDRTBTreatmentRegister.entry.artStartDate",0,1,"","","TB/HIV activities: ART - Below Start date"
"NgDRTBTreatmentRegister.entry.onCpt","NgDRTBTreatmentRegister.entry.onCpt","","","",0,1,"","","","boolean {[]} {[]}
","On CPT","Indicates whether the patient is receiving cotrimoxazole preventive therapy.","","","","","","","","","",,,,,"",,,,"NgDRTBTreatmentRegister.entry.onCpt",0,1,"","","TB/HIV activities: CPT - Above Y/N"
"NgDRTBTreatmentRegister.entry.cptStartDate","NgDRTBTreatmentRegister.entry.cptStartDate","","","",0,1,"","","","date {[]} {[]}
","CPT start date","Date cotrimoxazole preventive therapy was started.","","","","","","","","","",,,,,"",,,,"NgDRTBTreatmentRegister.entry.cptStartDate",0,1,"","","TB/HIV activities: CPT - Below Start date"
"NgDRTBTreatmentRegister.entry.treatmentOutcome","NgDRTBTreatmentRegister.entry.treatmentOutcome","","","",0,1,"","","","code {[]} {[]}
","Treatment outcome","Final DR-TB treatment outcome. Source categories are:
Cured,
Died,
Lost to follow-up,
Treatment Completed,
Treatment Failure,
Not evaluated.","","","","","","","","","",,,,,"",,,,"NgDRTBTreatmentRegister.entry.treatmentOutcome",0,1,"","","Treatment Outcome: Insert appropriate abbreviation"
"NgDRTBTreatmentRegister.entry.treatmentOutcomeDate","NgDRTBTreatmentRegister.entry.treatmentOutcomeDate","","","",0,1,"","","","date {[]} {[]}
","Treatment outcome date","Date associated with the final treatment outcome.","","","","","","","","","",,,,,"",,,,"NgDRTBTreatmentRegister.entry.treatmentOutcomeDate",0,1,"","","Treatment Outcome: DD/MM/YY"
"NgDRTBTreatmentRegister.entry.comments","NgDRTBTreatmentRegister.entry.comments","","","",0,1,"","","","string {[]} {[]}
","Comments","Additional comments recorded for the patient's DR-TB treatment course.","","","","","","","","","",,,,,"",,,,"NgDRTBTreatmentRegister.entry.comments",0,1,"","","Comments"
