"Id","Path","Slice Name","Alias(s)","Label","Min","Max","Must Support?","Is Modifier?","Is Summary?","Type(s)","Short","Definition","Comments","Requirements","Default Value","Meaning When Missing","Fixed Value","Pattern","Example","Minimum Value","Maximum Value","Maximum Length","Binding Strength","Binding Description","Binding Value Set","Code","Slicing Discriminator","Slicing Description","Slicing Ordered","Slicing Rules","Base Path","Base Min","Base Max","Condition(s)","Constraint(s)","Mapping: NG HIV Integrated Laboratory Monitoring Register Column Mapping"
"NgHivIntLabMonitoringRegister","NgHivIntLabMonitoringRegister","","","",0,*,"","","","null {[]} {[]}
","NG HIV Integrated Laboratory Monitoring Register","Logical model for the Nigeria HIV Integrated Laboratory Monitoring Register.
One instance represents one facility monthly register page and contains
repeatable patient-level laboratory entries corresponding to printed columns
A1 through A72.","","","","","","","","","",,,,,"",,,,"Base",0,*,"",""
"NgHivIntLabMonitoringRegister.identifier","NgHivIntLabMonitoringRegister.identifier","","","",1,1,"","","","Identifier {[]} {[]}
","Register identifier","Identifier assigned to the monthly Integrated Laboratory Monitoring Register page or its electronic equivalent.","","","","","","","","","",,,,,"",,,,"NgHivIntLabMonitoringRegister.identifier",1,1,"",""
"NgHivIntLabMonitoringRegister.facility","NgHivIntLabMonitoringRegister.facility","","","",0,1,"","","","Reference {[]} {[CanonicalType[https://fhir-ig.digitalhealth.gov.ng/StructureDefinition/ng-organization]]}
","Facility reference","Reference to the facility maintaining the register, when available.","","","","","","","","","",,,,,"",,,,"NgHivIntLabMonitoringRegister.facility",0,1,"",""
"NgHivIntLabMonitoringRegister.facilityName","NgHivIntLabMonitoringRegister.facilityName","","","",1,1,"","","","string {[]} {[]}
","Facility name","Official name of the facility maintaining the register.","","","","","","","","","",,,,,"",,,,"NgHivIntLabMonitoringRegister.facilityName",1,1,"","","Header: Facility"
"NgHivIntLabMonitoringRegister.state","NgHivIntLabMonitoringRegister.state","","","",1,1,"","","","Coding {[]} {[]}
","State","State where the facility is located.","","","","","","","","","",,"required","","https://fhir-ig.digitalhealth.gov.ng/ValueSet/ng-states-vs","",,,,"NgHivIntLabMonitoringRegister.state",1,1,"","","Header: State"
"NgHivIntLabMonitoringRegister.lga","NgHivIntLabMonitoringRegister.lga","","","",1,1,"","","","Coding {[]} {[]}
","LGA","Local Government Area where the facility is located.","","","","","","","","","",,"required","","https://fhir-ig.digitalhealth.gov.ng/ValueSet/ng-lgas-vs","",,,,"NgHivIntLabMonitoringRegister.lga",1,1,"","","Header: Local Government Area"
"NgHivIntLabMonitoringRegister.reportingPeriod","NgHivIntLabMonitoringRegister.reportingPeriod","","","",1,1,"","","","Period {[]} {[]}
","Month and year","Monthly reporting period represented by the register page.","","","","","","","","","",,,,,"",,,,"NgHivIntLabMonitoringRegister.reportingPeriod",1,1,"","","Header: Month and Year"
"NgHivIntLabMonitoringRegister.entry","NgHivIntLabMonitoringRegister.entry","","","",1,*,"","","","BackboneElement {[]} {[]}
","Integrated laboratory register entry","One patient-level row in the monthly Integrated Laboratory Monitoring Register.","","","","","","","","","",,,,,"",,,,"NgHivIntLabMonitoringRegister.entry",1,*,"","ele-1:All FHIR elements must have a @value or children {hasValue() or (children().count() > id.count())}
"
"NgHivIntLabMonitoringRegister.entry.id","NgHivIntLabMonitoringRegister.entry.id","","","",0,1,"","","","string {[]} {[]}
","Unique id for inter-element referencing","Unique id for the element within a resource (for internal references). This may be any string value that does not contain spaces.","","","","","","","","","",,,,,"",,,,"Element.id",0,1,"",""
"NgHivIntLabMonitoringRegister.entry.extension","NgHivIntLabMonitoringRegister.entry.extension","","extensions
user content","",0,*,"","","","Extension {[]} {[]}
","Additional content defined by implementations","May be used to represent additional information that is not part of the basic definition of the element. To make the use of extensions safe and manageable, there is a strict set of governance  applied to the definition and use of extensions. Though any implementer can define an extension, there is a set of requirements that SHALL be met as part of the definition of the extension.","There can be no stigma associated with the use of extensions by any application, project, or standard - regardless of the institution or jurisdiction that uses or defines the extensions.  The use of extensions is what allows the FHIR specification to retain a core level of simplicity for everyone.","","","","","","","","",,,,,"","value:url}
","Extensions are always sliced by (at least) url",,"open","Element.extension",0,*,"","ele-1:All FHIR elements must have a @value or children {hasValue() or (children().count() > id.count())}
ext-1:Must have either extensions or value[x], not both {extension.exists() != value.exists()}"
"NgHivIntLabMonitoringRegister.entry.modifierExtension","NgHivIntLabMonitoringRegister.entry.modifierExtension","","extensions
user contentmodifiers","",0,*,"","Y","Y","Extension {[]} {[]}
","Extensions that cannot be ignored even if unrecognized","May be used to represent additional information that is not part of the basic definition of the element and that modifies the understanding of the element in which it is contained and/or the understanding of the containing element's descendants. Usually modifier elements provide negation or qualification. To make the use of extensions safe and manageable, there is a strict set of governance applied to the definition and use of extensions. Though any implementer can define an extension, there is a set of requirements that SHALL be met as part of the definition of the extension. Applications processing a resource are required to check for modifier extensions.

Modifier extensions SHALL NOT change the meaning of any elements on Resource or DomainResource (including cannot change the meaning of modifierExtension itself).","There can be no stigma associated with the use of extensions by any application, project, or standard - regardless of the institution or jurisdiction that uses or defines the extensions.  The use of extensions is what allows the FHIR specification to retain a core level of simplicity for everyone.","Modifier extensions allow for extensions that *cannot* be safely ignored to be clearly distinguished from the vast majority of extensions which can be safely ignored.  This promotes interoperability by eliminating the need for implementers to prohibit the presence of extensions. For further information, see the [definition of modifier extensions](http://hl7.org/fhir/R4/extensibility.html#modifierExtension).","","","","","","","",,,,,"",,,,"BackboneElement.modifierExtension",0,*,"","ele-1:All FHIR elements must have a @value or children {hasValue() or (children().count() > id.count())}
ext-1:Must have either extensions or value[x], not both {extension.exists() != value.exists()}"
"NgHivIntLabMonitoringRegister.entry.subject","NgHivIntLabMonitoringRegister.entry.subject","","","",0,1,"","","","Reference {[]} {[CanonicalType[https://fhir-ig.digitalhealth.gov.ng/StructureDefinition/ng-patient]]}
","Patient reference","Reference to the corresponding Nigeria Core Patient resource, when available.","","","","","","","","","",,,,,"",,,,"NgHivIntLabMonitoringRegister.entry.subject",0,1,"",""
"NgHivIntLabMonitoringRegister.entry.serialNumber","NgHivIntLabMonitoringRegister.entry.serialNumber","","","",1,1,"","","","positiveInt {[]} {[]}
","A1 Serial number","Sequential register number assigned to the row.","","","","","","","","","",,,,,"",,,,"NgHivIntLabMonitoringRegister.entry.serialNumber",1,1,"","","A1"
"NgHivIntLabMonitoringRegister.entry.entryDate","NgHivIntLabMonitoringRegister.entry.entryDate","","","",1,1,"","","","date {[]} {[]}
","A2 Entry date","Date entered from the Integrated Laboratory Order and Result Form.","","","","","","","","","",,,,,"",,,,"NgHivIntLabMonitoringRegister.entry.entryDate",1,1,"","","A2"
"NgHivIntLabMonitoringRegister.entry.hospitalNumber","NgHivIntLabMonitoringRegister.entry.hospitalNumber","","","",0,1,"","","","string {[]} {[]}
","A3 Hospital number","Facility-specific hospital or unit number.","","","","","","","","","",,,,,"",,,,"NgHivIntLabMonitoringRegister.entry.hospitalNumber",0,1,"","","A3"
"NgHivIntLabMonitoringRegister.entry.uniqueId","NgHivIntLabMonitoringRegister.entry.uniqueId","","","",1,1,"","","","string {[]} {[]}
","A4 Unique ID","HIV program client unique identifier.","","","","","","","","","",,,,,"",,,,"NgHivIntLabMonitoringRegister.entry.uniqueId",1,1,"","","A4"
"NgHivIntLabMonitoringRegister.entry.surname","NgHivIntLabMonitoringRegister.entry.surname","","","",1,1,"","","","string {[]} {[]}
","A5 Surname","Client surname.","","","","","","","","","",,,,,"",,,,"NgHivIntLabMonitoringRegister.entry.surname",1,1,"","","A5 upper space"
"NgHivIntLabMonitoringRegister.entry.otherNames","NgHivIntLabMonitoringRegister.entry.otherNames","","","",0,1,"","","","string {[]} {[]}
","A5 Other names","Client first and other names.","","","","","","","","","",,,,,"",,,,"NgHivIntLabMonitoringRegister.entry.otherNames",0,1,"","","A5 lower space"
"NgHivIntLabMonitoringRegister.entry.address","NgHivIntLabMonitoringRegister.entry.address","","","",0,1,"","","","string {[]} {[]}
","A6 Address","Client descriptive address.","","","","","","","","","",,,,,"",,,,"NgHivIntLabMonitoringRegister.entry.address",0,1,"","","A6 upper space"
"NgHivIntLabMonitoringRegister.entry.phoneNumber","NgHivIntLabMonitoringRegister.entry.phoneNumber","","","",0,1,"","","","string {[]} {[]}
","A6 Phone number","Client telephone number, or caregiver telephone number for an HIV-exposed infant.","","","","","","","","","",,,,,"",,,,"NgHivIntLabMonitoringRegister.entry.phoneNumber",0,1,"","","A6 lower space"
"NgHivIntLabMonitoringRegister.entry.eidEntryPoint","NgHivIntLabMonitoringRegister.entry.eidEntryPoint","","","",0,1,"","","","Coding {[]} {[]}
","A7 EID entry point","Care entry point of the HIV-exposed infant.","","","","","","","","","",,"extensible","","https://fhir-ig.digitalhealth.gov.ng/ValueSet/ng-hiv-care-entry-point-vs","",,,,"NgHivIntLabMonitoringRegister.entry.eidEntryPoint",0,1,"","","A7"
"NgHivIntLabMonitoringRegister.entry.eidEntryPointText","NgHivIntLabMonitoringRegister.entry.eidEntryPointText","","","",0,1,"","","","string {[]} {[]}
","A7 EID entry point source text","Source entry-point text when the printed code is unavailable or is not represented by the existing ValueSet.","","","","","","","","","",,,,,"",,,,"NgHivIntLabMonitoringRegister.entry.eidEntryPointText",0,1,"","","A7 uncoded source value"
"NgHivIntLabMonitoringRegister.entry.sex","NgHivIntLabMonitoringRegister.entry.sex","","","",1,1,"","","","Coding {[]} {[]}
","A8–A9 Sex","Client sex represented by the printed male and female columns.","","","","","","","","","",,"required","","https://fhir-ig.digitalhealth.gov.ng/ValueSet/ng-gender-vs","",,,,"NgHivIntLabMonitoringRegister.entry.sex",1,1,"","","A8 Male / A9 Female"
"NgHivIntLabMonitoringRegister.entry.ageYears","NgHivIntLabMonitoringRegister.entry.ageYears","","","",0,1,"","","","integer {[]} {[]}
","A10 Age in years","Client age in completed years.","","","","","","","","","",,,,,"",,,,"NgHivIntLabMonitoringRegister.entry.ageYears",0,1,"","","A10"
"NgHivIntLabMonitoringRegister.entry.eidAgeValue","NgHivIntLabMonitoringRegister.entry.eidAgeValue","","","",0,1,"","","","integer {[]} {[]}
","A11–A14 EID age value","Infant age at specimen collection.","","","","","","","","","",,,,,"",,,,"NgHivIntLabMonitoringRegister.entry.eidAgeValue",0,1,"","","A11–A14 value"
"NgHivIntLabMonitoringRegister.entry.eidAgeUnit","NgHivIntLabMonitoringRegister.entry.eidAgeUnit","","","",0,1,"","","","code {[]} {[]}
","A11–A14 EID age unit","Days, weeks or months used for the EID age value.","","","","","","","","","",,"required","","http://hl7.org/fhir/ValueSet/units-of-time","",,,,"NgHivIntLabMonitoringRegister.entry.eidAgeUnit",0,1,"","","A11–A14 unit"
"NgHivIntLabMonitoringRegister.entry.eidAgeCategory","NgHivIntLabMonitoringRegister.entry.eidAgeCategory","","","",0,1,"","","","Coding {[]} {[]}
","A11–A14 EID age category","Printed EID age band into which the infant falls.","","","","","","","","","",,"required","","https://fhir-ig.digitalhealth.gov.ng/ValueSet/ng-hiv-int-lab-eid-age-category-vs","",,,,"NgHivIntLabMonitoringRegister.entry.eidAgeCategory",0,1,"","","A11 <=72 hours / A12 >72 hours to <2 months / A13 2–12 months / A14 >12 months"
"NgHivIntLabMonitoringRegister.entry.pregnant","NgHivIntLabMonitoringRegister.entry.pregnant","","","",0,1,"","","","boolean {[]} {[]}
","A15 Pregnancy status","True when the client was pregnant at specimen collection.","","","","","","","","","",,,,,"",,,,"NgHivIntLabMonitoringRegister.entry.pregnant",0,1,"","","A15 code P"
"NgHivIntLabMonitoringRegister.entry.breastfeeding","NgHivIntLabMonitoringRegister.entry.breastfeeding","","","",0,1,"","","","boolean {[]} {[]}
","A15 Breastfeeding status","True when the client was breastfeeding at specimen collection.","","","","","","","","","",,,,,"",,,,"NgHivIntLabMonitoringRegister.entry.breastfeeding",0,1,"","","A15 code B"
"NgHivIntLabMonitoringRegister.entry.testRequested","NgHivIntLabMonitoringRegister.entry.testRequested","","","",1,*,"","","","Coding {[]} {[]}
","A16–A21 Test requested","One or more tests marked in the register: HIV viral load, HBV viral load, HCV viral load, EID, CD4 count or other.","","","","","","","","","",,"required","","https://fhir-ig.digitalhealth.gov.ng/ValueSet/ng-hiv-int-lab-register-test-vs","",,,,"NgHivIntLabMonitoringRegister.entry.testRequested",1,*,"","","A16 HIV VL / A17 HBV VL / A18 HCV VL / A19 EID / A20 CD4 / A21 Other"
"NgHivIntLabMonitoringRegister.entry.otherLaboratoryTest","NgHivIntLabMonitoringRegister.entry.otherLaboratoryTest","","","",0,*,"","","","BackboneElement {[]} {[]}
","A21 and A42 Other laboratory test","A requested laboratory test not represented by one of the fixed register columns.","","","","","","","","","",,,,,"",,,,"NgHivIntLabMonitoringRegister.entry.otherLaboratoryTest",0,*,"","ele-1:All FHIR elements must have a @value or children {hasValue() or (children().count() > id.count())}
"
"NgHivIntLabMonitoringRegister.entry.otherLaboratoryTest.id","NgHivIntLabMonitoringRegister.entry.otherLaboratoryTest.id","","","",0,1,"","","","string {[]} {[]}
","Unique id for inter-element referencing","Unique id for the element within a resource (for internal references). This may be any string value that does not contain spaces.","","","","","","","","","",,,,,"",,,,"Element.id",0,1,"",""
"NgHivIntLabMonitoringRegister.entry.otherLaboratoryTest.extension","NgHivIntLabMonitoringRegister.entry.otherLaboratoryTest.extension","","extensions
user content","",0,*,"","","","Extension {[]} {[]}
","Additional content defined by implementations","May be used to represent additional information that is not part of the basic definition of the element. To make the use of extensions safe and manageable, there is a strict set of governance  applied to the definition and use of extensions. Though any implementer can define an extension, there is a set of requirements that SHALL be met as part of the definition of the extension.","There can be no stigma associated with the use of extensions by any application, project, or standard - regardless of the institution or jurisdiction that uses or defines the extensions.  The use of extensions is what allows the FHIR specification to retain a core level of simplicity for everyone.","","","","","","","","",,,,,"","value:url}
","Extensions are always sliced by (at least) url",,"open","Element.extension",0,*,"","ele-1:All FHIR elements must have a @value or children {hasValue() or (children().count() > id.count())}
ext-1:Must have either extensions or value[x], not both {extension.exists() != value.exists()}"
"NgHivIntLabMonitoringRegister.entry.otherLaboratoryTest.modifierExtension","NgHivIntLabMonitoringRegister.entry.otherLaboratoryTest.modifierExtension","","extensions
user contentmodifiers","",0,*,"","Y","Y","Extension {[]} {[]}
","Extensions that cannot be ignored even if unrecognized","May be used to represent additional information that is not part of the basic definition of the element and that modifies the understanding of the element in which it is contained and/or the understanding of the containing element's descendants. Usually modifier elements provide negation or qualification. To make the use of extensions safe and manageable, there is a strict set of governance applied to the definition and use of extensions. Though any implementer can define an extension, there is a set of requirements that SHALL be met as part of the definition of the extension. Applications processing a resource are required to check for modifier extensions.

Modifier extensions SHALL NOT change the meaning of any elements on Resource or DomainResource (including cannot change the meaning of modifierExtension itself).","There can be no stigma associated with the use of extensions by any application, project, or standard - regardless of the institution or jurisdiction that uses or defines the extensions.  The use of extensions is what allows the FHIR specification to retain a core level of simplicity for everyone.","Modifier extensions allow for extensions that *cannot* be safely ignored to be clearly distinguished from the vast majority of extensions which can be safely ignored.  This promotes interoperability by eliminating the need for implementers to prohibit the presence of extensions. For further information, see the [definition of modifier extensions](http://hl7.org/fhir/R4/extensibility.html#modifierExtension).","","","","","","","",,,,,"",,,,"BackboneElement.modifierExtension",0,*,"","ele-1:All FHIR elements must have a @value or children {hasValue() or (children().count() > id.count())}
ext-1:Must have either extensions or value[x], not both {extension.exists() != value.exists()}"
"NgHivIntLabMonitoringRegister.entry.otherLaboratoryTest.test","NgHivIntLabMonitoringRegister.entry.otherLaboratoryTest.test","","","",0,1,"","","","Coding {[]} {[]}
","Other test code","Coded test when represented in the existing Integrated Laboratory Form terminology.","","","","","","","","","",,"extensible","","https://fhir-ig.digitalhealth.gov.ng/ValueSet/ng-hiv-int-lab-other-test-vs","",,,,"NgHivIntLabMonitoringRegister.entry.otherLaboratoryTest.test",0,1,"","","A21 other test indicated"
"NgHivIntLabMonitoringRegister.entry.otherLaboratoryTest.testName","NgHivIntLabMonitoringRegister.entry.otherLaboratoryTest.testName","","","",0,1,"","","","string {[]} {[]}
","Other test name","Printed or locally used test name when no suitable code is available.","","","","","","","","","",,,,,"",,,,"NgHivIntLabMonitoringRegister.entry.otherLaboratoryTest.testName",0,1,"","","A21 free-text test name"
"NgHivIntLabMonitoringRegister.entry.otherLaboratoryTest.result","NgHivIntLabMonitoringRegister.entry.otherLaboratoryTest.result","","","",0,1,"","","","string {[]} {[]}
","Other test result","Result value or narrative for the other laboratory test.","","","","","","","","","",,,,,"",,,,"NgHivIntLabMonitoringRegister.entry.otherLaboratoryTest.result",0,1,"","","A42"
"NgHivIntLabMonitoringRegister.entry.modeOfTesting","NgHivIntLabMonitoringRegister.entry.modeOfTesting","","","",0,1,"","","","Coding {[]} {[]}
","A22 Mode of testing","Testing platform used: GeneXpert, m-PIMA or conventional PCR laboratory.","","","","","","","","","",,"required","","https://fhir-ig.digitalhealth.gov.ng/ValueSet/ng-hiv-int-lab-register-mode-of-testing-vs","",,,,"NgHivIntLabMonitoringRegister.entry.modeOfTesting",0,1,"","","A22"
"NgHivIntLabMonitoringRegister.entry.dsdStatus","NgHivIntLabMonitoringRegister.entry.dsdStatus","","","",0,1,"","","","Coding {[]} {[]}
","A23 DSD status","Client differentiated-service-delivery status using source register codes 1–3.","","","","","","","","","",,"required","","https://fhir-ig.digitalhealth.gov.ng/ValueSet/ng-hiv-int-lab-register-dsd-status-vs","",,,,"NgHivIntLabMonitoringRegister.entry.dsdStatus",0,1,"","","A23"
"NgHivIntLabMonitoringRegister.entry.laboratoryRegistrationNumber","NgHivIntLabMonitoringRegister.entry.laboratoryRegistrationNumber","","","",0,1,"","","","string {[]} {[]}
","A24 Laboratory registration number","Identifier assigned to the specimen when registered in the laboratory.","","","","","","","","","",,,,,"",,,,"NgHivIntLabMonitoringRegister.entry.laboratoryRegistrationNumber",0,1,"","","A24"
"NgHivIntLabMonitoringRegister.entry.sampleCollectionDate","NgHivIntLabMonitoringRegister.entry.sampleCollectionDate","","","",0,1,"","","","date {[]} {[]}
","A25 Sample collection date","Date the specimen was collected.","","","","","","","","","",,,,,"",,,,"NgHivIntLabMonitoringRegister.entry.sampleCollectionDate",0,1,"","","A25"
"NgHivIntLabMonitoringRegister.entry.sampleLoggedRemotely","NgHivIntLabMonitoringRegister.entry.sampleLoggedRemotely","","","",0,1,"","","","boolean {[]} {[]}
","A26–A27 Sample logged remotely","True when the specimen was logged remotely at the requesting facility; false when it was not.","","","","","","","","","",,,,,"",,,,"NgHivIntLabMonitoringRegister.entry.sampleLoggedRemotely",0,1,"","","A26 Yes / A27 No"
"NgHivIntLabMonitoringRegister.entry.sampleReceivedDate","NgHivIntLabMonitoringRegister.entry.sampleReceivedDate","","","",0,1,"","","","date {[]} {[]}
","A28 Sample received date","Date the testing laboratory received the specimen.","","","","","","","","","",,,,,"",,,,"NgHivIntLabMonitoringRegister.entry.sampleReceivedDate",0,1,"","","A28"
"NgHivIntLabMonitoringRegister.entry.sampleAssayDate","NgHivIntLabMonitoringRegister.entry.sampleAssayDate","","","",0,1,"","","","date {[]} {[]}
","A29 Sample assay date","Date the specimen was assayed.","","","","","","","","","",,,,,"",,,,"NgHivIntLabMonitoringRegister.entry.sampleAssayDate",0,1,"","","A29"
"NgHivIntLabMonitoringRegister.entry.resultReleasedDate","NgHivIntLabMonitoringRegister.entry.resultReleasedDate","","","",0,1,"","","","date {[]} {[]}
","A30 Result release date","Date the result was released by the testing laboratory.","","","","","","","","","",,,,,"",,,,"NgHivIntLabMonitoringRegister.entry.resultReleasedDate",0,1,"","","A30"
"NgHivIntLabMonitoringRegister.entry.eidResult","NgHivIntLabMonitoringRegister.entry.eidResult","","","",0,1,"","","","Coding {[]} {[]}
","A31 EID result","Early-infant-diagnosis result.","","","","","","","","","",,"required","","https://fhir-ig.digitalhealth.gov.ng/ValueSet/ng-hiv-int-lab-eid-result-vs","",,,,"NgHivIntLabMonitoringRegister.entry.eidResult",0,1,"","","A31"
"NgHivIntLabMonitoringRegister.entry.hbvViralLoadResult","NgHivIntLabMonitoringRegister.entry.hbvViralLoadResult","","","",0,1,"","","","integer {[]} {[]}
","A32 HBV result","Hepatitis B viral-load result. The source register does not specify the result unit.","","","","","","","","","",,,,,"",,,,"NgHivIntLabMonitoringRegister.entry.hbvViralLoadResult",0,1,"","","A32"
"NgHivIntLabMonitoringRegister.entry.hcvViralLoadResult","NgHivIntLabMonitoringRegister.entry.hcvViralLoadResult","","","",0,1,"","","","integer {[]} {[]}
","A33 HCV result","Hepatitis C viral-load result. The source register does not specify the result unit.","","","","","","","","","",,,,,"",,,,"NgHivIntLabMonitoringRegister.entry.hcvViralLoadResult",0,1,"","","A33"
"NgHivIntLabMonitoringRegister.entry.hivViralLoadResult","NgHivIntLabMonitoringRegister.entry.hivViralLoadResult","","","",0,1,"","","","integer {[]} {[]}
","A34–A36 HIV viral-load result","HIV viral-load result in copies/mL.","","","","","","","","","",,,,,"",,,,"NgHivIntLabMonitoringRegister.entry.hivViralLoadResult",0,1,"","","A34–A36 numeric result"
"NgHivIntLabMonitoringRegister.entry.hivViralLoadCategory","NgHivIntLabMonitoringRegister.entry.hivViralLoadCategory","","","",0,1,"","","","Coding {[]} {[]}
","A34–A36 HIV viral-load category","Printed category determining whether the result is entered under A34, A35 or A36.","","","","","","","","","",,"required","","https://fhir-ig.digitalhealth.gov.ng/ValueSet/ng-hiv-int-lab-register-viral-load-category-vs","",,,,"NgHivIntLabMonitoringRegister.entry.hivViralLoadCategory",0,1,"","","A34 target not detected or <=50 / A35 >50 to <=1000 / A36 >1000"
"NgHivIntLabMonitoringRegister.entry.cd4Count","NgHivIntLabMonitoringRegister.entry.cd4Count","","","",0,1,"","","","integer {[]} {[]}
","A37 CD4 count","CD4 count in cells/mm3.","","","","","","","","","",,,,,"",,,,"NgHivIntLabMonitoringRegister.entry.cd4Count",0,1,"","","A37"
"NgHivIntLabMonitoringRegister.entry.tbLfLamResult","NgHivIntLabMonitoringRegister.entry.tbLfLamResult","","","",0,1,"","","","Coding {[]} {[]}
","A38 TB LF-LAM result","Qualitative TB LF-LAM result.","","","","","","","","","",,"required","","https://fhir-ig.digitalhealth.gov.ng/ValueSet/ng-hiv-int-lab-positive-negative-result-vs","",,,,"NgHivIntLabMonitoringRegister.entry.tbLfLamResult",0,1,"","","A38"
"NgHivIntLabMonitoringRegister.entry.serumCragResult","NgHivIntLabMonitoringRegister.entry.serumCragResult","","","",0,1,"","","","Coding {[]} {[]}
","A39 Serum CrAg result","Qualitative serum cryptococcal-antigen result.","","","","","","","","","",,"required","","https://fhir-ig.digitalhealth.gov.ng/ValueSet/ng-hiv-int-lab-positive-negative-result-vs","",,,,"NgHivIntLabMonitoringRegister.entry.serumCragResult",0,1,"","","A39"
"NgHivIntLabMonitoringRegister.entry.csfCragResult","NgHivIntLabMonitoringRegister.entry.csfCragResult","","","",0,1,"","","","Coding {[]} {[]}
","A40 CSF CrAg result","Qualitative cerebrospinal-fluid cryptococcal-antigen result.","","","","","","","","","",,"required","","https://fhir-ig.digitalhealth.gov.ng/ValueSet/ng-hiv-int-lab-positive-negative-result-vs","",,,,"NgHivIntLabMonitoringRegister.entry.csfCragResult",0,1,"","","A40"
"NgHivIntLabMonitoringRegister.entry.csfMcsResult","NgHivIntLabMonitoringRegister.entry.csfMcsResult","","","",0,1,"","","","string {[]} {[]}
","A41 CSF microscopy, culture and sensitivity result","Result of cerebrospinal-fluid microscopy, culture and sensitivity.","","","","","","","","","",,,,,"",,,,"NgHivIntLabMonitoringRegister.entry.csfMcsResult",0,1,"","","A41"
"NgHivIntLabMonitoringRegister.entry.viralLoadMonitoringType","NgHivIntLabMonitoringRegister.entry.viralLoadMonitoringType","","","",0,1,"","","","Coding {[]} {[]}
","A43–A44 Viral-load monitoring type","Routine or targeted viral-load monitoring.","","","","","","","","","",,"required","","https://fhir-ig.digitalhealth.gov.ng/ValueSet/ng-hiv-int-lab-register-monitoring-type-vs","",,,,"NgHivIntLabMonitoringRegister.entry.viralLoadMonitoringType",0,1,"","","A43 Routine / A44 Targeted"
"NgHivIntLabMonitoringRegister.entry.viralLoadIndication","NgHivIntLabMonitoringRegister.entry.viralLoadIndication","","","",0,1,"","","","Coding {[]} {[]}
","A45–A51 Viral-load indication","Reason for viral-load monitoring.","","","","","","","","","",,"required","","https://fhir-ig.digitalhealth.gov.ng/ValueSet/ng-hiv-int-lab-viral-load-indication-vs","",,,,"NgHivIntLabMonitoringRegister.entry.viralLoadIndication",0,1,"","","A45 baseline 6 months / A46 annual routine / A47 clinical or immune failure / A48 32–36 weeks gestation / A49 post-EAC / A50 HIV Early Detect / A51 recent infection"
"NgHivIntLabMonitoringRegister.entry.viralLoadDisaggregationBand","NgHivIntLabMonitoringRegister.entry.viralLoadDisaggregationBand","","","",0,1,"","","","Coding {[]} {[]}
","A52–A67 Viral-load sex and age band","One sex-and-age reporting band marked for a client with a viral-load result.","","","","","","","","","",,"required","","https://fhir-ig.digitalhealth.gov.ng/ValueSet/ng-hiv-int-lab-register-viral-load-disaggregation-vs","",,,,"NgHivIntLabMonitoringRegister.entry.viralLoadDisaggregationBand",0,1,"","","A52–A67"
"NgHivIntLabMonitoringRegister.entry.viralLoadPregnantSubset","NgHivIntLabMonitoringRegister.entry.viralLoadPregnantSubset","","","",0,1,"","","","boolean {[]} {[]}
","A68 Pregnant subset","True when the viral-load result belongs to a pregnant client and is counted in the female total.","","","","","","","","","",,,,,"",,,,"NgHivIntLabMonitoringRegister.entry.viralLoadPregnantSubset",0,1,"","","A68"
"NgHivIntLabMonitoringRegister.entry.viralLoadBreastfeedingSubset","NgHivIntLabMonitoringRegister.entry.viralLoadBreastfeedingSubset","","","",0,1,"","","","boolean {[]} {[]}
","A69 Breastfeeding subset","True when the viral-load result belongs to a breastfeeding client and is counted in the female total.","","","","","","","","","",,,,,"",,,,"NgHivIntLabMonitoringRegister.entry.viralLoadBreastfeedingSubset",0,1,"","","A69"
"NgHivIntLabMonitoringRegister.entry.earlyHivDetectionViralLoadResult","NgHivIntLabMonitoringRegister.entry.earlyHivDetectionViralLoadResult","","","",0,1,"","","","integer {[]} {[]}
","A70 HIV Early Detect viral-load result","Viral-load result used to confirm suspected acute or recent HIV infection.","","","","","","","","","",,,,,"",,,,"NgHivIntLabMonitoringRegister.entry.earlyHivDetectionViralLoadResult",0,1,"","","A70"
"NgHivIntLabMonitoringRegister.entry.pocErrorCode","NgHivIntLabMonitoringRegister.entry.pocErrorCode","","","",0,1,"","","","string {[]} {[]}
","A71 POC error code","Machine or human error code recorded for failed point-of-care testing. The source workbook does not provide an error-code catalogue.","","","","","","","","","",,,,,"",,,,"NgHivIntLabMonitoringRegister.entry.pocErrorCode",0,1,"","","A71"
"NgHivIntLabMonitoringRegister.entry.comments","NgHivIntLabMonitoringRegister.entry.comments","","","",0,1,"","","","string {[]} {[]}
","A72 Comments","Additional notes, including specimen issues, invalid results or a need for repeat testing.","","","","","","","","","",,,,,"",,,,"NgHivIntLabMonitoringRegister.entry.comments",0,1,"","","A72"
