URL,Version,Status,OIDs,Name,Title,Description,Uses,Used,Sources
https://fhir-ig.digitalhealth.gov.ng/ValueSet/ng-aefi-manifestation,0.0.0,draft,"2.16.840.1.113884.3.9944.1.48.1",NGAEFIManifestationVS,Nigeria AEFI Manifestations,"Clinical signs, symptoms, and manifestations associated with adverse events following immunization.",,
https://fhir-ig.digitalhealth.gov.ng/ValueSet/ng-aefi-treatment-type-vs,0.0.0,draft,"2.16.840.1.113884.3.9944.1.48.2",NGAEFITreatmentTypeVS,Nigeria AEFI Treatments,"Treatments and interventions used in managing adverse events following immunization.",,
https://fhir-ig.digitalhealth.gov.ng/ValueSet/ng-aefi-treatment-vs,0.0.0,draft,"2.16.840.1.113884.3.9944.1.48.3",NgAEFITreatmentVS,Nigeria AEFI Treatments,"Treatments and interventions used in managing adverse events following immunization.",,
https://fhir-ig.digitalhealth.gov.ng/ValueSet/ng-alert-category-vs,0.0.0,active,"2.16.840.1.113884.3.9944.1.48.4",NgAlertCategoryVS,Nigeria Alert Category Value Set,"Categories for alerts represented using the Nigeria Alert Flag profile.",,"Internal"
https://fhir-ig.digitalhealth.gov.ng/ValueSet/ng-alert-code-vs,0.0.0,active,"2.16.840.1.113884.3.9944.1.48.5",NgAlertCodeVS,Nigeria Alert Code Value Set,"Common coded alert messages for the Nigeria Alert Flag profile.",,"Internal"
https://fhir-ig.digitalhealth.gov.ng/ValueSet/ng-atc-all-medications-vs,0.0.0,active,"2.16.840.1.113884.3.9944.1.48.6",NgATCAllMedicationsVS,NG Local ATC — All Medications,"All local ATC-style medication codes used across MNCH referral, claims, prescription, and immunization.",,"Internal"
https://fhir-ig.digitalhealth.gov.ng/ValueSet/ng-body-site-vs,0.0.0,active,"2.16.840.1.113884.3.9944.1.48.7",NgBodySiteVS,Body Site - IPS,"IPS body site value set. This value set includes a set of codes from SNOMED CT that may be used to represent body sites (e.g., for laboratory specimen collection). This value set includes codes from SNOMED CT®: all descendants of 442083009 \|Anatomical or acquired body structure (body structure)\|  SNOMED CT® ECL definition:\ < 442083009 \|Anatomical or acquired body structure (body structure)\|",,"SCT"
https://fhir-ig.digitalhealth.gov.ng/ValueSet/ng-bundle-identifier-vs,0.0.0,active,"2.16.840.1.113884.3.9944.1.48.8",NgBundleIdentifierVS,NG Bundle Identifier Codes,"ValueSet including all local bundle identifier codes for use cases.",,"Internal"
https://fhir-ig.digitalhealth.gov.ng/ValueSet/ng-careplan-activity-vs,0.0.0,active,"2.16.840.1.113884.3.9944.1.48.9",NgCareplanActivityVS,NG CarePlan Activity VS,"ValueSet for CarePlan.activity.detail.code (demo).",,"Internal"
https://fhir-ig.digitalhealth.gov.ng/ValueSet/ng-careplan-category-vs,0.0.0,active,"2.16.840.1.113884.3.9944.1.48.10",NgCareplanCategoryVS,NG CarePlan Category VS,"ValueSet for CarePlan.category (demo).",,"Internal"
https://fhir-ig.digitalhealth.gov.ng/ValueSet/ng-children-developmental-milestone-vs,0.0.0,active,"2.16.840.1.113884.3.9944.1.48.11",NgChildrenDevelopmentalMilestoneVS,Children Developmental Milestone ValueSet,"Children Developmental Milestone",,"Internal,LOINC"
https://fhir-ig.digitalhealth.gov.ng/ValueSet/ng-client-identifier-vs,0.0.0,active,"2.16.840.1.113884.3.9944.1.48.12",NgClientIdentifierVS,NG Client Identifier VS,"This ValueSet defines list of options for uniquely Identifting a Client",,"Internal"
https://fhir-ig.digitalhealth.gov.ng/ValueSet/ng-current-smoking-status-vs,0.0.0,active,"2.16.840.1.113884.3.9944.1.48.13",NgCurrentSmokingStatusVS,Current Smoking Status,"ValueSet for smoking status.  This value set includes a set of specific SNOMED CT codes (no subtypes included) that may be used to represent smoking status.",,"SCT"
https://fhir-ig.digitalhealth.gov.ng/ValueSet/ng-defaulter-follow-up-method,0.0.0,draft,"2.16.840.1.113884.3.9944.1.48.14",NGDefaulterFollowUpMethodVS,Nigeria Defaulter Follow-up Methods,"Methods used to contact or trace immunization defaulters.",,
https://fhir-ig.digitalhealth.gov.ng/ValueSet/ng-defaulter-follow-up-outcome,0.0.0,draft,"2.16.840.1.113884.3.9944.1.48.15",NGDefaulterFollowUpOutcomeVS,Nigeria Defaulter Follow-up Outcomes,"Outcomes of immunization defaulter follow-up activities.",,
https://fhir-ig.digitalhealth.gov.ng/ValueSet/ng-defaulter-tracking-status,0.0.0,draft,"2.16.840.1.113884.3.9944.1.48.16",NGDefaulterTrackingStatusVS,Nigeria Defaulter Tracking Status,"Statuses used to manage clients identified as immunization defaulters.",,
https://fhir-ig.digitalhealth.gov.ng/ValueSet/ng-device-identifier-vs,0.0.0,active,"2.16.840.1.113884.3.9944.1.48.17",NgDeviceIdentifierVS,NG Electromechanical Medical Device Identifier VS,"ValueSet selecting the 50 hypothetical electromechanical medical device identifiers (leaf concepts only) from NgDeviceIdentifierCS. Excludes category/group nodes.",,"Internal"
https://fhir-ig.digitalhealth.gov.ng/ValueSet/ng-diagnostics-report-status-vs,0.0.0,active,"2.16.840.1.113884.3.9944.1.48.18",NgDiagnosticReportStatusVS,Diagnostics Report Status Codes - IPS,"IPS Diagnostic Report status codes allowable for diagnostics reports.  This value set includes all status codes except \""entered-in-error\"" from http://hl7.org/fhir/diagnostic-report-status.",,"hl7.fhir.r4.core"
https://fhir-ig.digitalhealth.gov.ng/ValueSet/ng-facility-identifier-vs,0.0.0,active,"2.16.840.1.113884.3.9944.1.48.19",NgFacilityIdentifierVS,NG Clinical Status VS,"The outcome of the reaction",,"Internal"
https://fhir-ig.digitalhealth.gov.ng/ValueSet/ng-facility-type-vs,0.0.0,active,"2.16.840.1.113884.3.9944.1.48.20",NgFacilityTypeVS,NG HealthFacility Type VS,"Classification of Nigerian health facilities",,"Internal"
https://fhir-ig.digitalhealth.gov.ng/ValueSet/ng-family-planning-method-vs,0.0.0,active,"2.16.840.1.113884.3.9944.1.48.21",NgFamilyPlanningMethodVS,Family Planning Method,"Family Planning Method",,"LOINC"
https://fhir-ig.digitalhealth.gov.ng/ValueSet/ng-gender-vs,0.0.0,active,"2.16.840.1.113884.3.9944.1.48.22",NgGenderVS,NG Gender or Sex VS,"A subset of the administrative gender codes including only 'male' and 'female'",,"hl7.fhir.r4.core"
https://fhir-ig.digitalhealth.gov.ng/ValueSet/ng-hiv-adult-art-medication-vs,0.0.0,draft,"2.16.840.1.113884.3.9944.1.48.23",NgHivAdultArtMedicationVS,NG HIV Adult ART Medications,"Adult ART medicine products and strengths listed on the Nigeria Combined Pharmacy Order Form.",,"Internal"
https://fhir-ig.digitalhealth.gov.ng/ValueSet/ng-hiv-art-eligibility-status-vs,0.0.0,active,"2.16.840.1.113884.3.9944.1.48.24",NgHivARTEligibilityStatusVS,ART Eligibility Status,"ART Eligibility Status",,"Internal"
https://fhir-ig.digitalhealth.gov.ng/ValueSet/ng-hiv-art-follow-up-status-vs,0.0.0,active,"2.16.840.1.113884.3.9944.1.48.25",NgHivARTFollowUpStatusVS,HIV Follow Up Status ValueSet,"FollowUp Status",,"Internal,LOINC"
https://fhir-ig.digitalhealth.gov.ng/ValueSet/ng-hiv-art-monthly-age-group-vs,0.0.0,draft,"2.16.840.1.113884.3.9944.1.48.26",NgHivArtMonthlyAgeGroupVS,NG HIV ART Monthly Age Groups,"Age groups used for ART1–ART4.",,"Internal"
https://fhir-ig.digitalhealth.gov.ng/ValueSet/ng-hiv-art-monthly-ahd-category-vs,0.0.0,draft,"2.16.840.1.113884.3.9944.1.48.27",NgHivArtMonthlyAhdCategoryVS,NG HIV ART Monthly AHD Categories,"AHD program categories used as subsets of ART19 and ART20.",,"Internal"
https://fhir-ig.digitalhealth.gov.ng/ValueSet/ng-hiv-art-monthly-cervical-age-group-vs,0.0.0,draft,"2.16.840.1.113884.3.9944.1.48.28",NgHivArtMonthlyCervicalAgeGroupVS,NG HIV ART Monthly Cervical Screening Age Groups,"Age groups used for cervical screening and treatment.",,"Internal"
https://fhir-ig.digitalhealth.gov.ng/ValueSet/ng-hiv-art-monthly-cervical-screening-result-vs,0.0.0,draft,"2.16.840.1.113884.3.9944.1.48.29",NgHivArtMonthlyCervicalScreeningResultVS,NG HIV ART Monthly Cervical Screening Results,"Cervical screening result categories used under ART23.",,"Internal"
https://fhir-ig.digitalhealth.gov.ng/ValueSet/ng-hiv-art-monthly-cervical-screening-timing-vs,0.0.0,draft,"2.16.840.1.113884.3.9944.1.48.30",NgHivArtMonthlyCervicalScreeningTimingVS,NG HIV ART Monthly Cervical Screening Timing,"Timing categories used under ART23.",,"Internal"
https://fhir-ig.digitalhealth.gov.ng/ValueSet/ng-hiv-art-monthly-cervical-treatment-type-vs,0.0.0,draft,"2.16.840.1.113884.3.9944.1.48.31",NgHivArtMonthlyCervicalTreatmentTypeVS,NG HIV ART Monthly Cervical Treatment Types,"Treatment categories used under ART24.",,"Internal"
https://fhir-ig.digitalhealth.gov.ng/ValueSet/ng-hiv-art-monthly-cm-result-vs,0.0.0,draft,"2.16.840.1.113884.3.9944.1.48.32",NgHivArtMonthlyCmResultVS,NG HIV ART Monthly Cryptococcal Meningitis Results,"Lumbar-puncture screening result categories used under ART21.",,"Internal"
https://fhir-ig.digitalhealth.gov.ng/ValueSet/ng-hiv-art-monthly-crag-age-group-vs,0.0.0,draft,"2.16.840.1.113884.3.9944.1.48.33",NgHivArtMonthlyCragAgeGroupVS,NG HIV ART Monthly CrAg Age Groups,"Age groups printed for the serum CrAg section.",,"Internal"
https://fhir-ig.digitalhealth.gov.ng/ValueSet/ng-hiv-art-monthly-crag-result-vs,0.0.0,draft,"2.16.840.1.113884.3.9944.1.48.34",NgHivArtMonthlyCragResultVS,NG HIV ART Monthly Serum CrAg Results,"Serum CrAg result categories used under ART20.",,"Internal"
https://fhir-ig.digitalhealth.gov.ng/ValueSet/ng-hiv-art-monthly-indicator-vs,0.0.0,draft,"2.16.840.1.113884.3.9944.1.48.35",NgHivArtMonthlyIndicatorVS,NG HIV ART Monthly Summary Indicators,"The 24 ART monthly summary indicators.",,"Internal"
https://fhir-ig.digitalhealth.gov.ng/ValueSet/ng-hiv-art-monthly-interruption-outcome-vs,0.0.0,draft,"2.16.840.1.113884.3.9944.1.48.36",NgHivArtMonthlyInterruptionOutcomeVS,NG HIV ART Monthly Interruption Outcomes,"Tracking outcomes used to disaggregate ART5.",,"Internal"
https://fhir-ig.digitalhealth.gov.ng/ValueSet/ng-hiv-art-monthly-mmd-duration-vs,0.0.0,draft,"2.16.840.1.113884.3.9944.1.48.37",NgHivArtMonthlyMmdDurationVS,NG HIV ART Monthly MMD Duration,"Multi-month dispensing duration bands.",,"Internal"
https://fhir-ig.digitalhealth.gov.ng/ValueSet/ng-hiv-art-monthly-tb-ahd-age-group-vs,0.0.0,draft,"2.16.840.1.113884.3.9944.1.48.38",NgHivArtMonthlyTbAhdAgeGroupVS,NG HIV ART Monthly TB and AHD Age Groups,"Age groups used in the HIV/TB and general AHD sections.",,"Internal"
https://fhir-ig.digitalhealth.gov.ng/ValueSet/ng-hiv-art-register-cervical-status-vs,0.0.0,draft,"2.16.840.1.113884.3.9944.1.48.39",NgHivArtRegisterCervicalStatusVS,NG HIV ART Register Cervical Cancer Screening Status,"Cervical-cancer screening workflow statuses permitted in column A27 of the National ART Register.",,"Internal"
https://fhir-ig.digitalhealth.gov.ng/ValueSet/ng-hiv-art-register-cryptococcal-status-vs,0.0.0,draft,"2.16.840.1.113884.3.9944.1.48.40",NgHivArtRegisterCryptococcalStatusVS,NG HIV ART Register Cryptococcal Status,"Cryptococcal statuses permitted in column A25 of the National ART Register.",,"Internal"
https://fhir-ig.digitalhealth.gov.ng/ValueSet/ng-hiv-art-register-dsd-status-vs,0.0.0,draft,"2.16.840.1.113884.3.9944.1.48.41",NgHivArtRegisterDsdStatusVS,NG HIV ART Register DSD Status,"Differentiated-service-delivery statuses permitted in column A33 of the National ART Register.",,"Internal"
https://fhir-ig.digitalhealth.gov.ng/ValueSet/ng-hiv-art-register-hepatitis-status-vs,0.0.0,draft,"2.16.840.1.113884.3.9944.1.48.42",NgHivArtRegisterHepatitisStatusVS,NG HIV ART Register Hepatitis Screening Status,"Hepatitis screening and treatment statuses permitted in column A28 of the National ART Register.",,"Internal"
https://fhir-ig.digitalhealth.gov.ng/ValueSet/ng-hiv-art-register-outcome-vs,0.0.0,draft,"2.16.840.1.113884.3.9944.1.48.43",NgHivArtRegisterOutcomeVS,NG HIV ART Register Six-Month Outcomes,"Subset of the existing HIV ART follow-up statuses used in column A35 of the National ART Register.",,"Internal"
https://fhir-ig.digitalhealth.gov.ng/ValueSet/ng-hiv-art-register-regimen-vs,0.0.0,draft,"2.16.840.1.113884.3.9944.1.48.44",NgHivArtRegisterRegimenVS,NG HIV ART Register Regimens,"ART regimen codes permitted in columns A30 and A32 of the National ART Register.",,"Internal"
https://fhir-ig.digitalhealth.gov.ng/ValueSet/ng-hiv-art-register-tb-status-vs,0.0.0,draft,"2.16.840.1.113884.3.9944.1.48.45",NgHivArtRegisterTbStatusVS,NG HIV ART Register TB Status,"TB statuses permitted in column A20 of the National ART Register.",,"Internal"
https://fhir-ig.digitalhealth.gov.ng/ValueSet/ng-hiv-art-register-tpt-outcome-vs,0.0.0,draft,"2.16.840.1.113884.3.9944.1.48.46",NgHivArtRegisterTptOutcomeVS,NG HIV ART Register TPT Outcome,"TB preventive-therapy outcomes permitted in column A22 of the National ART Register.",,"Internal"
https://fhir-ig.digitalhealth.gov.ng/ValueSet/ng-hiv-art-stop-reason-vs,0.0.0,draft,"2.16.840.1.113884.3.9944.1.48.47",NgHivArtStopReasonVS,NG HIV ART Stop Reason,"Reasons for stopping or interrupting ART used on the Nigeria HIV Care/ART Card.",,"Internal"
https://fhir-ig.digitalhealth.gov.ng/ValueSet/ng-hiv-arv-adherence-vs,0.0.0,active,"2.16.840.1.113884.3.9944.1.48.48",NgHivARVAdherenceVS,HIV-ARV Adherence ValueSet,"ARV Adherence",,"SCT,Internal"
https://fhir-ig.digitalhealth.gov.ng/ValueSet/ng-hiv-arv-regimen-change-category-vs,0.0.0,active,"2.16.840.1.113884.3.9944.1.48.49",NgHivARVRegimenChangeCategoryVS,HIV ARV Regimen Change Category,"Codes used for representing the category for the ARV regimen change.",,"Internal"
https://fhir-ig.digitalhealth.gov.ng/ValueSet/ng-hiv-arv-regimen-change-type-vs,0.0.0,active,"2.16.840.1.113884.3.9944.1.48.50",NgHivARVRegimenChangeTypeVS,HIV ARV Regimen Change Type,"Codes used for representing the type of change associated with the ARV regimen (Switch or Substitute).",,"Internal"
https://fhir-ig.digitalhealth.gov.ng/ValueSet/ng-hiv-arv-side-effects-vs,0.0.0,active,"2.16.840.1.113884.3.9944.1.48.51",NgHivARVSideEffectsVS,HIV ARV Side Effects,"Codes used for representing any side effects of the ARV medication prescribed to the patient.",,"SCT,LOINC"
https://fhir-ig.digitalhealth.gov.ng/ValueSet/ng-hiv-arv-treatment-vs,0.0.0,active,"2.16.840.1.113884.3.9944.1.48.52",NgHivARVTreatmentVS,HIV - ARV Drugs ValueSet,"A list of codes describing the ARV Drugs.",,"SCT,Internal"
https://fhir-ig.digitalhealth.gov.ng/ValueSet/ng-hiv-care-entry-point-vs,0.0.0,draft,"2.16.840.1.113884.3.9944.1.48.53",NgHivCareEntryPointVS,NG HIV Care Entry Point,"Care-entry-point codes used on the Nigeria HIV Care/ART Card.",,"Internal"
https://fhir-ig.digitalhealth.gov.ng/ValueSet/ng-hiv-cause-of-death-vs,0.0.0,draft,"2.16.840.1.113884.3.9944.1.48.54",NgHivCauseOfDeathVS,NG HIV Cause of Death,"Cause-of-death categories used on the Nigeria HIV Care/ART Card.",,"Internal"
https://fhir-ig.digitalhealth.gov.ng/ValueSet/ng-hiv-cd4-reference-vs,0.0.0,draft,"2.16.840.1.113884.3.9944.1.48.55",NgHivCd4ReferenceVS,NG HIV CD4 Reference,"CD4 threshold categories used on the Nigeria HIV Care/ART Card.",,"Internal"
https://fhir-ig.digitalhealth.gov.ng/ValueSet/ng-hiv-cd4-vl-classification-for-treatment-failure-vs,0.0.0,active,"2.16.840.1.113884.3.9944.1.48.56",NgHivCD4AndVLClassificationForTreatmentFailureVS,HIV Viral Load/CD4 Count Classifications ValueSet,"Codes used for indicating the classification for the Viral Load/CD4 count treatment failure.",,"Internal,LOINC"
https://fhir-ig.digitalhealth.gov.ng/ValueSet/ng-hiv-cervical-cancer-screened-vs,0.0.0,active,"2.16.840.1.113884.3.9944.1.48.57",NgHivCervicalCancerScreenedVS,HIV Cervical Cancer Screened,"Codes used for representing whether screening for cervical cancer was done.",,"SCT"
https://fhir-ig.digitalhealth.gov.ng/ValueSet/ng-hiv-cervical-cancer-screening-method-vs,0.0.0,active,"2.16.840.1.113884.3.9944.1.48.58",NgHivCervicalCancerScreeningMethodVS,HIV-Cervical Cancer Screening Method,"Cervical Cancer Screening Method.",,"Internal"
https://fhir-ig.digitalhealth.gov.ng/ValueSet/ng-hiv-cervical-cancer-screening-result-vs,0.0.0,active,"2.16.840.1.113884.3.9944.1.48.59",NgHivCervicalCancerScreeningResultVS,HIV-Cervical Cancer Screening Results ValueSet,"A list of codes describing the Cervical Cancer Screening Results",,"Internal"
https://fhir-ig.digitalhealth.gov.ng/ValueSet/ng-hiv-cervical-cancer-screening-type-vs,0.0.0,active,"2.16.840.1.113884.3.9944.1.48.60",NgHivCervicalCancerScreeningTypeVS,Cervical Cancer Screening Type,"Codes used for representing the cervical screening type.",,"Internal,LOINC"
https://fhir-ig.digitalhealth.gov.ng/ValueSet/ng-hiv-cervical-cancer-treatment-received-vs,0.0.0,active,"2.16.840.1.113884.3.9944.1.48.61",NgHivCervicalCancerTreatmentReceivedVS,HIV-Cervical Cancer Treatment Received ValueSet,"Cervical Cancer Treatment Received",,"Internal,LOINC"
https://fhir-ig.digitalhealth.gov.ng/ValueSet/ng-hiv-diagnosis-concepts-vs,0.0.0,active,"2.16.840.1.113884.3.9944.1.48.215",NgHivDiagnosisConceptsVS,Nigeria HIV Diagnosis Concepts,"Explicit Nigeria HIV local diagnoses used for ICD-11 classification mapping.",,"Internal"
https://fhir-ig.digitalhealth.gov.ng/ValueSet/ng-hiv-diagnosis-icd11-concepts-vs,0.0.0,active,"2.16.840.1.113884.3.9944.1.48.216",NgHivDiagnosisICD11ConceptsVS,Nigeria HIV ICD-11 Diagnosis Concepts,"ICD-11 MMS target concepts used by the Nigeria HIV diagnosis ConceptMap.",,"hl7.terminology.r4"
https://fhir-ig.digitalhealth.gov.ng/ValueSet/ng-hiv-disclosure-stage-vs,0.0.0,active,"2.16.840.1.113884.3.9944.1.48.62",NgHivDisclosureStageVS,HIV Disclosure Stage,"Codes used for representing the stages of disclosure for the patient's current HIV status.",,"SCT"
https://fhir-ig.digitalhealth.gov.ng/ValueSet/ng-hiv-drug-resistance-result-vs,0.0.0,draft,"2.16.840.1.113884.3.9944.1.48.63",NgHivDrugResistanceResultVS,NG HIV Drug Resistance Result,"Drug-resistance result codes used on the Nigeria HIV Care/ART Card.",,"Internal"
https://fhir-ig.digitalhealth.gov.ng/ValueSet/ng-hiv-dsd-assessment-status-vs,0.0.0,active,"2.16.840.1.113884.3.9944.1.48.64",NgHivDSDAssessmentStatusVS,Differentiated Service Delivery - Assessment Status,"Code used for indicating the status of the DSD assessment.",,"Internal,LOINC"
https://fhir-ig.digitalhealth.gov.ng/ValueSet/ng-hiv-dsd-category-vs,0.0.0,active,"2.16.840.1.113884.3.9944.1.48.65",NgHivDSDCategoryVS,HIV DSD - Category ValueSet,"Code used for indicating the category for the DSD assessment.",,"Internal"
https://fhir-ig.digitalhealth.gov.ng/ValueSet/ng-hiv-dsd-reason-for-category-change-vs,0.0.0,active,"2.16.840.1.113884.3.9944.1.48.66",NgHivDSDReasonForCategoryChangeVS,Differentiated Service Delivery - Reason For Category Change,"Code used for indicating the reason for the category change for the DSD assessment.",,"Internal,LOINC"
https://fhir-ig.digitalhealth.gov.ng/ValueSet/ng-hiv-eac-adherence-vs,0.0.0,draft,"2.16.840.1.113884.3.9944.1.48.67",NgHivEacAdherenceVS,NG HIV EAC Adherence,"Adherence ratings recorded during an Enhanced Adherence Counselling session.",,"Internal"
https://fhir-ig.digitalhealth.gov.ng/ValueSet/ng-hiv-eac-barriers-vs,0.0.0,draft,"2.16.840.1.113884.3.9944.1.48.68",NgHivEacBarriersVS,NG HIV EAC Adherence Barriers,"Barriers to ART adherence recorded during Enhanced Adherence Counselling.",,"Internal"
https://fhir-ig.digitalhealth.gov.ng/ValueSet/ng-hiv-eac-given-vs,0.0.0,active,"2.16.840.1.113884.3.9944.1.48.69",NgHivEACGivenVS,HIV EAC Given ValueSet,"Codes used for representing the EAC given.",,"Internal"
https://fhir-ig.digitalhealth.gov.ng/ValueSet/ng-hiv-eac-intervention-services-vs,0.0.0,draft,"2.16.840.1.113884.3.9944.1.48.70",NgHivEacInterventionServicesVS,NG HIV EAC Intervention Services,"Services delivered to address barriers identified during Enhanced Adherence Counselling.",,"Internal"
https://fhir-ig.digitalhealth.gov.ng/ValueSet/ng-hiv-eac-intervention-tools-vs,0.0.0,draft,"2.16.840.1.113884.3.9944.1.48.71",NgHivEacInterventionToolsVS,NG HIV EAC Intervention Tools,"Tools used to support ART adherence during Enhanced Adherence Counselling.",,"Internal"
https://fhir-ig.digitalhealth.gov.ng/ValueSet/ng-hiv-eac-register-virologic-failure-cause-vs,0.0.0,draft,"2.16.840.1.113884.3.9944.1.48.72",NgHivEacRegisterVirologicFailureCauseVS,NG HIV EAC Register Suspected Causes of Virologic Failure,"Suspected virologic-failure causes permitted in column A19 of the EAC Monitoring Register.",,"Internal"
https://fhir-ig.digitalhealth.gov.ng/ValueSet/ng-hiv-edema-presence-vs,0.0.0,active,"2.16.840.1.113884.3.9944.1.48.73",NgHivEdemaPresenceVS,Edema Presence Codes ValueSet,"Observation codes used for indicating the prescence of Edema.",,"SCT,LOINC"
https://fhir-ig.digitalhealth.gov.ng/ValueSet/ng-hiv-educational-status-vs,0.0.0,draft,"2.16.840.1.113884.3.9944.1.48.74",NgHivEducationalStatusVS,NG HIV Educational Status,"Educational-status codes used on the Nigeria HIV Care/ART Card.",,"Internal"
https://fhir-ig.digitalhealth.gov.ng/ValueSet/ng-hiv-encounter-location-vs,0.0.0,active,"2.16.840.1.113884.3.9944.1.48.75",NgHivEncounterLocationVS,HIV Encounter Locations,"Code used for representing the location where the patient is receiving health services.",,"SCT,LOINC"
https://fhir-ig.digitalhealth.gov.ng/ValueSet/ng-hiv-encounter-type-vs,0.0.0,active,"2.16.840.1.113884.3.9944.1.48.76",NgHivEncounterTypeVS,HIV Encounter Type,"Codes used for indicating the type of encounter.",,"SCT"
https://fhir-ig.digitalhealth.gov.ng/ValueSet/ng-hiv-encounter-visit-type-vs,0.0.0,active,"2.16.840.1.113884.3.9944.1.48.77",NgHivEncounterVisitTypeVS,HIV-Nature of Encounter ValueSet,"A list of codes describing the nature of the patient visit to the health facility",,"Internal"
https://fhir-ig.digitalhealth.gov.ng/ValueSet/ng-hiv-final-outcome-value-set,0.0.0,draft,"2.16.840.1.113884.3.9944.1.48.78",NgHivFinalOutcomeVS,HIV-Final Outcome ValueSet,"Final Outcome",,"Internal"
https://fhir-ig.digitalhealth.gov.ng/ValueSet/ng-hiv-health-status-vs,0.0.0,active,"2.16.840.1.113884.3.9944.1.48.79",NgHivHealthStatusVS,HIV Health Status,"Codes used for representing a patient health status.",,"LOINC"
https://fhir-ig.digitalhealth.gov.ng/ValueSet/ng-hiv-int-lab-arv-prophylaxis-vs,0.0.0,draft,"2.16.840.1.113884.3.9944.1.48.80",NgHivIntLabArvProphylaxisVS,NG HIV Integrated Laboratory ARV Prophylaxis,"ARV prophylaxis options printed on the integrated laboratory form.",,"Internal"
https://fhir-ig.digitalhealth.gov.ng/ValueSet/ng-hiv-int-lab-cytology-method-vs,0.0.0,draft,"2.16.840.1.113884.3.9944.1.48.81",NgHivIntLabCytologyMethodVS,NG HIV Integrated Laboratory Cytology Method,"Cervical cytology or screening methods printed on the integrated laboratory form.",,"Internal"
https://fhir-ig.digitalhealth.gov.ng/ValueSet/ng-hiv-int-lab-eid-age-category-vs,0.0.0,draft,"2.16.840.1.113884.3.9944.1.48.82",NgHivIntLabEidAgeCategoryVS,NG HIV Integrated Laboratory EID Age Category,"Infant age categories printed on the integrated laboratory form.",,"Internal"
https://fhir-ig.digitalhealth.gov.ng/ValueSet/ng-hiv-int-lab-eid-indication-vs,0.0.0,draft,"2.16.840.1.113884.3.9944.1.48.83",NgHivIntLabEidIndicationVS,NG HIV Integrated Laboratory EID Indication,"Early-infant-diagnosis indications printed on the integrated laboratory form.",,"Internal"
https://fhir-ig.digitalhealth.gov.ng/ValueSet/ng-hiv-int-lab-eid-result-vs,0.0.0,draft,"2.16.840.1.113884.3.9944.1.48.84",NgHivIntLabEidResultVS,NG HIV Integrated Laboratory EID Result,"Early-infant-diagnosis result options printed on the integrated laboratory form.",,"Internal"
https://fhir-ig.digitalhealth.gov.ng/ValueSet/ng-hiv-int-lab-other-test-vs,0.0.0,draft,"2.16.840.1.113884.3.9944.1.48.85",NgHivIntLabOtherTestVS,NG HIV Integrated Laboratory Other Test,"Other fixed laboratory investigations printed on the integrated laboratory form.",,"Internal"
https://fhir-ig.digitalhealth.gov.ng/ValueSet/ng-hiv-int-lab-positive-negative-result-vs,0.0.0,draft,"2.16.840.1.113884.3.9944.1.48.86",NgHivIntLabPositiveNegativeResultVS,NG HIV Integrated Laboratory Positive or Negative Result,"Positive and negative qualitative laboratory results used by the integrated laboratory form.",,"Internal"
https://fhir-ig.digitalhealth.gov.ng/ValueSet/ng-hiv-int-lab-reactive-result-vs,0.0.0,draft,"2.16.840.1.113884.3.9944.1.48.87",NgHivIntLabReactiveResultVS,NG HIV Integrated Laboratory Reactive or Non-Reactive Result,"Reactive and non-reactive serology result options printed on the integrated laboratory form.",,"Internal"
https://fhir-ig.digitalhealth.gov.ng/ValueSet/ng-hiv-int-lab-regimen-line-vs,0.0.0,draft,"2.16.840.1.113884.3.9944.1.48.88",NgHivIntLabRegimenLineVS,NG HIV Integrated Laboratory ART Regimen Line,"ART regimen-line options printed on the integrated laboratory form.",,"Internal"
https://fhir-ig.digitalhealth.gov.ng/ValueSet/ng-hiv-int-lab-register-dsd-status-vs,0.0.0,active,"2.16.840.1.113884.3.9944.1.48.89",NgHivIntLabRegisterDsdStatusVS,NG HIV Integrated Laboratory Register DSD Status,"DSD status codes printed in the Integrated Laboratory Monitoring Register.",,"Internal"
https://fhir-ig.digitalhealth.gov.ng/ValueSet/ng-hiv-int-lab-register-mode-of-testing-vs,0.0.0,active,"2.16.840.1.113884.3.9944.1.48.90",NgHivIntLabRegisterModeOfTestingVS,NG HIV Integrated Laboratory Register Mode of Testing,"Testing platforms printed or described for column A22.",,"Internal"
https://fhir-ig.digitalhealth.gov.ng/ValueSet/ng-hiv-int-lab-register-monitoring-type-vs,0.0.0,active,"2.16.840.1.113884.3.9944.1.48.91",NgHivIntLabRegisterMonitoringTypeVS,NG HIV Integrated Laboratory Register Monitoring Type,"Routine or targeted viral-load monitoring represented by A43 and A44.",,"Internal"
https://fhir-ig.digitalhealth.gov.ng/ValueSet/ng-hiv-int-lab-register-test-vs,0.0.0,active,"2.16.840.1.113884.3.9944.1.48.92",NgHivIntLabRegisterTestVS,NG HIV Integrated Laboratory Register Test Type,"Test types represented by printed columns A16–A21.",,"Internal"
https://fhir-ig.digitalhealth.gov.ng/ValueSet/ng-hiv-int-lab-register-viral-load-category-vs,0.0.0,active,"2.16.840.1.113884.3.9944.1.48.93",NgHivIntLabRegisterViralLoadCategoryVS,NG HIV Integrated Laboratory Register Viral-Load Category,"HIV viral-load result categories represented by columns A34–A36.",,"Internal"
https://fhir-ig.digitalhealth.gov.ng/ValueSet/ng-hiv-int-lab-register-viral-load-disaggregation-vs,0.0.0,active,"2.16.840.1.113884.3.9944.1.48.94",NgHivIntLabRegisterViralLoadDisaggregationVS,NG HIV Integrated Laboratory Register Viral-Load Disaggregation,"Sex and age-band disaggregation categories represented by columns A52–A67.",,"Internal"
https://fhir-ig.digitalhealth.gov.ng/ValueSet/ng-hiv-int-lab-requested-test-type-vs,0.0.0,draft,"2.16.840.1.113884.3.9944.1.48.95",NgHivIntLabRequestedTestTypeVS,NG HIV Integrated Laboratory Requested Test Type,"Top-level test categories selectable on the HIV Integrated Laboratory Order and Result Form.",,"Internal"
https://fhir-ig.digitalhealth.gov.ng/ValueSet/ng-hiv-int-lab-specimen-type-vs,0.0.0,draft,"2.16.840.1.113884.3.9944.1.48.96",NgHivIntLabSpecimenTypeVS,NG HIV Integrated Laboratory Specimen Type,"Specimen types printed on the integrated laboratory form.",,"Internal"
https://fhir-ig.digitalhealth.gov.ng/ValueSet/ng-hiv-int-lab-viral-load-indication-vs,0.0.0,draft,"2.16.840.1.113884.3.9944.1.48.97",NgHivIntLabViralLoadIndicationVS,NG HIV Integrated Laboratory Viral-Load Indication,"Viral-load indications printed on the integrated laboratory form.",,"Internal"
https://fhir-ig.digitalhealth.gov.ng/ValueSet/ng-hiv-kp-typology-vs,0.0.0,draft,"2.16.840.1.113884.3.9944.1.48.98",NgHivKpTypologyVS,NG HIV Key Population Typology,"Key-population typology codes used on the Nigeria HIV Care/ART Card.",,"Internal"
https://fhir-ig.digitalhealth.gov.ng/ValueSet/ng-hiv-local-concepts,0.0.0,active,"2.16.840.1.113884.3.9944.1.48.99",NgHivLocalConceptsVS,Nigeria HIV Local Concepts,"Local HIV, TB/HIV, demographic and program concepts referenced by the supplied HIV ConceptMaps. Codes remain in their original local CodeSystems.",,"Internal"
https://fhir-ig.digitalhealth.gov.ng/ValueSet/ng-hiv-loinc-concepts,0.0.0,active,"2.16.840.1.113884.3.9944.1.48.100",NgHivLOINCConceptsVS,Nigeria HIV LOINC Concepts,"Distinct LOINC concepts referenced by the supplied HIV ConceptMaps. Displays are omitted because authoritative LOINC names were not supplied.",,"LOINC"
https://fhir-ig.digitalhealth.gov.ng/ValueSet/ng-hiv-marital-status-vs,0.0.0,draft,"2.16.840.1.113884.3.9944.1.48.101",NgHivMaritalStatusVS,NG HIV Marital Status,"Marital-status codes used on the Nigeria HIV Care/ART Card.",,"Internal"
https://fhir-ig.digitalhealth.gov.ng/ValueSet/ng-hiv-occupation-vs,0.0.0,active,"2.16.840.1.113884.3.9944.1.48.102",NgHivOccupationVS,HIV Occupation Valueset,"Occupation",,"Internal"
https://fhir-ig.digitalhealth.gov.ng/ValueSet/ng-hiv-oi-prophylaxis-treatment-medication-vs,0.0.0,draft,"2.16.840.1.113884.3.9944.1.48.103",NgHivOiProphylaxisTreatmentMedicationVS,NG HIV OI Prophylaxis and Treatment Medications,"Medicines for opportunistic-infection prophylaxis or treatment listed on the Nigeria Combined Pharmacy Order Form.",,"Internal"
https://fhir-ig.digitalhealth.gov.ng/ValueSet/ng-hiv-opportunistic-infections-treatment-vs,0.0.0,active,"2.16.840.1.113884.3.9944.1.48.104",NgHivOpportunisticInfectionsTreatmentVS,HIV-Opportunistic Infection Medication Codes ValueSet,"A list of codes describing the medication for opportunistic infections related to the patient.",,"LOINC"
https://fhir-ig.digitalhealth.gov.ng/ValueSet/ng-hiv-opportunistic-infections-vs,0.0.0,active,"2.16.840.1.113884.3.9944.1.48.105",NgHivOpportunisticInfectionsVS,HIV Opportunistic Infections ValueSet,"Codes used for representing opportunistic infections.",,"SCT,LOINC"
https://fhir-ig.digitalhealth.gov.ng/ValueSet/ng-hiv-paediatric-art-medication-vs,0.0.0,draft,"2.16.840.1.113884.3.9944.1.48.106",NgHivPaediatricArtMedicationVS,NG HIV Paediatric ART Medications,"Paediatric ART medicine products and strengths listed on the Nigeria Combined Pharmacy Order Form.",,"Internal"
https://fhir-ig.digitalhealth.gov.ng/ValueSet/ng-hiv-pain-scale-vs,0.0.0,active,"2.16.840.1.113884.3.9944.1.48.107",NgHivPainScaleVS,HIV Pain Scale,"Codes used for representing level of pain (pain scale).",,"LOINC"
https://fhir-ig.digitalhealth.gov.ng/ValueSet/ng-hiv-partner-case-closure-status-vs,0.0.0,active,"2.16.840.1.113884.3.9944.1.48.108",NgHivPartnerCaseClosureStatusVS,HIV Partner Case Closure Status ValueSet,"Codes used for indicating the closure status for partner services.",,"SCT,Internal,LOINC"
https://fhir-ig.digitalhealth.gov.ng/ValueSet/ng-hiv-partner-notification-plan-vs,0.0.0,active,"2.16.840.1.113884.3.9944.1.48.109",NgHivPartnerNotificationPlanVS,HIV Partner Notification Plan ValueSet,"Codes used for indicating the plan for notifying the partner regarding the index case's HIV status.",,"Internal"
https://fhir-ig.digitalhealth.gov.ng/ValueSet/ng-hiv-period-of-hiv-exposure-vs,0.0.0,active,"2.16.840.1.113884.3.9944.1.48.110",NgHivPeriodOfHIVExposureVS,Period of HIV Exposure,"Codes used for indicating the period when last the individual was exposed to HIV.",,"Internal"
https://fhir-ig.digitalhealth.gov.ng/ValueSet/ng-hiv-pharmacy-worksheet-arv-prophylaxis-vs,0.0.0,active,"2.16.840.1.113884.3.9944.1.48.111",NgHivPharmacyWorksheetArvProphylaxisVS,NG HIV Pharmacy Worksheet HEI ARV Prophylaxis Regimen,"ARV prophylaxis regimens permitted in W17.",,"Internal"
https://fhir-ig.digitalhealth.gov.ng/ValueSet/ng-hiv-pharmacy-worksheet-dsd-model-vs,0.0.0,active,"2.16.840.1.113884.3.9944.1.48.112",NgHivPharmacyWorksheetDsdModelVS,NG HIV Pharmacy Worksheet DSD Model,"DSD models permitted in W9–W10.",,"Internal"
https://fhir-ig.digitalhealth.gov.ng/ValueSet/ng-hiv-pharmacy-worksheet-medicine-category-vs,0.0.0,active,"2.16.840.1.113884.3.9944.1.48.113",NgHivPharmacyWorksheetMedicineCategoryVS,NG HIV Pharmacy Worksheet Medicine Category,"Medicine categories permitted for a Pharmacy Daily Worksheet dispensing entry.",,"Internal"
https://fhir-ig.digitalhealth.gov.ng/ValueSet/ng-hiv-pharmacy-worksheet-medicine-vs,0.0.0,active,"2.16.840.1.113884.3.9944.1.48.114",NgHivPharmacyWorksheetMedicineVS,NG HIV Pharmacy Daily Worksheet Medicines,"All fixed medicine products represented by columns W24–W71.",,"Internal"
https://fhir-ig.digitalhealth.gov.ng/ValueSet/ng-hiv-pharmacy-worksheet-summary-scope-vs,0.0.0,active,"2.16.840.1.113884.3.9944.1.48.115",NgHivPharmacyWorksheetSummaryScopeVS,NG HIV Pharmacy Worksheet Summary Scope,"Summary scopes permitted for worksheet column totals.",,"Internal"
https://fhir-ig.digitalhealth.gov.ng/ValueSet/ng-hiv-physical-exam-vs,0.0.0,active,"2.16.840.1.113884.3.9944.1.48.116",NgHivPhysicalExamVS,HIV Physical Examinations,"Codes used for representing a physical examination.",,"LOINC"
https://fhir-ig.digitalhealth.gov.ng/ValueSet/ng-hiv-physical-examination-interpretation-vs,0.0.0,active,"2.16.840.1.113884.3.9944.1.48.117",NgHivPhysicalExamInterpretationVS,HIV Physical Examinations Interpretation,"Codes used for interpreting the finding associated with the physical examination.",,"THO (V3)"
https://fhir-ig.digitalhealth.gov.ng/ValueSet/ng-hiv-plan-for-next-step-vs,0.0.0,active,"2.16.840.1.113884.3.9944.1.48.118",NgHivPlanForNextStepVS,ART Not Started - Plan For Next Step,"Codes used for representing the plan for next steps when a patient didn't start ART the same day.",,"SCT,LOINC"
https://fhir-ig.digitalhealth.gov.ng/ValueSet/ng-hiv-prep-medication-vs,0.0.0,draft,"2.16.840.1.113884.3.9944.1.48.119",NgHivPrepMedicationVS,NG HIV PrEP Medications,"PrEP medicine products and strengths listed on the Nigeria Combined Pharmacy Order Form.",,"Internal"
https://fhir-ig.digitalhealth.gov.ng/ValueSet/ng-hiv-presenting-symptoms-vs,0.0.0,active,"2.16.840.1.113884.3.9944.1.48.120",NgHivPresentingSymptomsVS,Presenting Symptoms,"Codes used for representing the symptoms currently being experienced by the patient.",,"SCT,LOINC"
https://fhir-ig.digitalhealth.gov.ng/ValueSet/ng-hiv-prevention-plan-vs,0.0.0,active,"2.16.840.1.113884.3.9944.1.48.121",NgHivPreventionPlanVS,HIV Prevention Plan,"Codes used for representing the patient's plan for the prevention of HIV being transmitted to others.",,"SCT,LOINC"
https://fhir-ig.digitalhealth.gov.ng/ValueSet/ng-hiv-prior-art-vs,0.0.0,draft,"2.16.840.1.113884.3.9944.1.48.122",NgHivPriorArtVS,NG HIV Prior ART,"Prior-ART codes used on the Nigeria HIV Care/ART Card.",,"Internal"
https://fhir-ig.digitalhealth.gov.ng/ValueSet/ng-hiv-reason-for-art-eligibility-vs,0.0.0,active,"2.16.840.1.113884.3.9944.1.48.123",NgHivReasonForARTEligibilityVS,HIV Reasons For ART Eligibility,"Reasons For ART Eligibility",,"SCT,Internal,LOINC"
https://fhir-ig.digitalhealth.gov.ng/ValueSet/ng-hiv-reason-for-arv-regimen-change-vs,0.0.0,active,"2.16.840.1.113884.3.9944.1.48.124",NgHivReasonForARVRegimenChangeVS,HIV Reason For ARV Regimen Change,"Codes used for representing the reasons for changing the ARV regimen.",,"LOINC"
https://fhir-ig.digitalhealth.gov.ng/ValueSet/ng-hiv-reason-for-not-testing-vs,0.0.0,active,"2.16.840.1.113884.3.9944.1.48.125",NgHivReasonForNotTestingVS,HIV Reason For Not Testing,"Reason For Not Testing",,"LOINC"
https://fhir-ig.digitalhealth.gov.ng/ValueSet/ng-hiv-reason-index-case-not-interviewed-vs,0.0.0,active,"2.16.840.1.113884.3.9944.1.48.126",NgHivReasonIndexCaseNotInterviewedVS,HIV Reason Index Case Not Interviewed,"Codes used for indicating the reason why the index case was not interviewed.",,"LOINC"
https://fhir-ig.digitalhealth.gov.ng/ValueSet/ng-hiv-reason-not-linked-to-partner-services-vs,0.0.0,active,"2.16.840.1.113884.3.9944.1.48.127",NgHivReasonNotLinkedToPartnerServicesVS,HIV Reason Not Linked to Partner Services,"Codes used for indicating the reason why the partner was not linked to partner services.",,"LOINC"
https://fhir-ig.digitalhealth.gov.ng/ValueSet/ng-hiv-reason-not-started-art-vs,0.0.0,active,"2.16.840.1.113884.3.9944.1.48.128",NgHivReasonNotStartedARTVS,HIV - Reason Not Started ART ValueSet,"Reason Not Started ART",,"Internal"
https://fhir-ig.digitalhealth.gov.ng/ValueSet/ng-hiv-reason-partner-not-contacted-vs,0.0.0,active,"2.16.840.1.113884.3.9944.1.48.129",NgHivReasonPartnerNotContactedVS,HIV Reason Partner Not Contacted ValueSet,"Codes used for indicating the reason why the partner was not contacted.",,"Internal,LOINC"
https://fhir-ig.digitalhealth.gov.ng/ValueSet/ng-hiv-reason-partner-not-notified-vs,0.0.0,active,"2.16.840.1.113884.3.9944.1.48.130",NgHivReasonPartnerNotNotifiedVS,HIV Reason Partner Not Notified ValueSet,"Codes used for indicating the reason why the partner was not notified about the index case's HIV status.",,"LOINC"
https://fhir-ig.digitalhealth.gov.ng/ValueSet/ng-hiv-reason-stopped-art-vs,0.0.0,active,"2.16.840.1.113884.3.9944.1.48.131",NgHivReasonARTStoppedVS,HIV Reason For Stopping ART,"Codes used for representing the reasons for stopping ART.",,"LOINC"
https://fhir-ig.digitalhealth.gov.ng/ValueSet/ng-hiv-reasons-for-poor-arv-adherence-vs,0.0.0,active,"2.16.840.1.113884.3.9944.1.48.132",NgHivReasonsForPoorARVAdherenceVS,Reasons For Poor ARV Adherence,"Codes used for representing the reasons for poor ARV adherence.",,"SCT,LOINC"
https://fhir-ig.digitalhealth.gov.ng/ValueSet/ng-hiv-referral-reason-vs,0.0.0,active,"2.16.840.1.113884.3.9944.1.48.133",NgHivReferralReasonVS,Referral Reason,"Codes used for representing the reason for referral.",,"SCT,LOINC"
https://fhir-ig.digitalhealth.gov.ng/ValueSet/ng-hiv-regimen-change-reason-vs,0.0.0,draft,"2.16.840.1.113884.3.9944.1.48.134",NgHivRegimenChangeReasonVS,NG HIV Regimen Substitution or Switch Reason,"Reasons for ART regimen substitution or switch used on the Nigeria HIV Care/ART Card.",,"Internal"
https://fhir-ig.digitalhealth.gov.ng/ValueSet/ng-hiv-residential-type-vs,0.0.0,active,"2.16.840.1.113884.3.9944.1.48.135",NgHivResidentialTypeVS,HIV Residential Type,"Codes used for representing patient residential type.",,"SCT"
https://fhir-ig.digitalhealth.gov.ng/ValueSet/ng-hiv-snomed-ct-concepts,0.0.0,active,"2.16.840.1.113884.3.9944.1.48.136",NgHivSNOMEDCTConceptsVS,Nigeria HIV SNOMED CT Concepts,"Distinct valid SNOMED CT identifiers referenced by the supplied HIV ConceptMaps. Displays are omitted because authoritative SNOMED CT terms were not supplied.",,"SCT"
https://fhir-ig.digitalhealth.gov.ng/ValueSet/ng-hiv-status-vs,0.0.0,active,"2.16.840.1.113884.3.9944.1.48.137",NgHivStatusVS,HIV Status Codes,"A list of codes describing the patient's HIV status.",,"Internal,LOINC"
https://fhir-ig.digitalhealth.gov.ng/ValueSet/ng-hiv-tb-preventive-therapy-medication-vs,0.0.0,draft,"2.16.840.1.113884.3.9944.1.48.138",NgHivTbPreventiveTherapyMedicationVS,NG HIV TB Preventive Therapy Medications,"TB preventive therapy medicines or regimens listed on the Nigeria Combined Pharmacy Order Form.",,"Internal"
https://fhir-ig.digitalhealth.gov.ng/ValueSet/ng-hiv-tb-preventive-therapy-vs,0.0.0,draft,"2.16.840.1.113884.3.9944.1.48.139",NgHivTbPreventiveTherapyVS,NG HIV TB Preventive Therapy,"TB preventive-therapy regimen codes used on the Nigeria HIV Care/ART Card.",,"Internal"
https://fhir-ig.digitalhealth.gov.ng/ValueSet/ng-hiv-test-result-vs,0.0.0,active,"2.16.840.1.113884.3.9944.1.48.140",NgHivTestResultVS,HIV Test Results,"Codes used for representing a patient HIV test results.",,"LOINC"
https://fhir-ig.digitalhealth.gov.ng/ValueSet/ng-hiv-test-results-vs,0.0.0,active,"2.16.840.1.113884.3.9944.1.48.141",NgHIVTestResultsVS,HIV Test Results,"HIV Test Results",,"LOINC"
https://fhir-ig.digitalhealth.gov.ng/ValueSet/ng-hiv-test-type-vs,0.0.0,active,"2.16.840.1.113884.3.9944.1.48.142",NgHIVTestTypeVS,HIV Test Types,"HIV Test Types",,"LOINC"
https://fhir-ig.digitalhealth.gov.ng/ValueSet/ng-hiv-tracking-attempt-stage-vs,0.0.0,active,"2.16.840.1.113884.3.9944.1.48.143",NgHivTrackingAttemptStageVS,NG HIV Tracking Register Attempt Stage,"Tracking-attempt stages permitted in T19–T23.",,"Internal"
https://fhir-ig.digitalhealth.gov.ng/ValueSet/ng-hiv-tracking-default-reason-vs,0.0.0,active,"2.16.840.1.113884.3.9944.1.48.144",NgHivTrackingDefaultReasonVS,NG HIV Tracking Register Reason for Defaulting,"Reasons for defaulting permitted in the tracking-attempt blocks.",,"Internal"
https://fhir-ig.digitalhealth.gov.ng/ValueSet/ng-hiv-tracking-discontinuation-reason-vs,0.0.0,active,"2.16.840.1.113884.3.9944.1.48.145",NgHivTrackingDiscontinuationReasonVS,NG HIV Tracking Register Reason for Discontinuation,"Reasons for discontinuing facility care permitted in T26.",,"Internal"
https://fhir-ig.digitalhealth.gov.ng/ValueSet/ng-hiv-tracking-dsd-model-vs,0.0.0,active,"2.16.840.1.113884.3.9944.1.48.146",NgHivTrackingDsdModelVS,NG HIV Tracking Register DSD Model,"DSD models permitted in T15.",,"Internal"
https://fhir-ig.digitalhealth.gov.ng/ValueSet/ng-hiv-tracking-dsd-status-vs,0.0.0,active,"2.16.840.1.113884.3.9944.1.48.147",NgHivTrackingDsdStatusVS,NG HIV Tracking Register DSD Status,"DSD statuses permitted in T15.",,"Internal"
https://fhir-ig.digitalhealth.gov.ng/ValueSet/ng-hiv-tracking-mode-vs,0.0.0,active,"2.16.840.1.113884.3.9944.1.48.148",NgHivTrackingModeVS,NG HIV Tracking Register Tracking Mode,"Tracking modes permitted in T19–T23.",,"Internal"
https://fhir-ig.digitalhealth.gov.ng/ValueSet/ng-hiv-tracking-person-contacted-vs,0.0.0,active,"2.16.840.1.113884.3.9944.1.48.149",NgHivTrackingPersonContactedVS,NG HIV Tracking Register Person Contacted,"Person-contacted values permitted in T19–T23.",,"Internal"
https://fhir-ig.digitalhealth.gov.ng/ValueSet/ng-hiv-tracking-reason-vs,0.0.0,active,"2.16.840.1.113884.3.9944.1.48.150",NgHivTrackingReasonVS,NG HIV Tracking Register Reason for Tracking,"Reasons for tracking permitted in T16.",,"Internal"
https://fhir-ig.digitalhealth.gov.ng/ValueSet/ng-hiv-tracking-vs,0.0.0,active,"2.16.840.1.113884.3.9944.1.48.151",NgHivTrackingVS,HIV Positive Tracking Care Plan Activivity Codes,"Codes used for representing activity in the Care Plan.",,"SCT,Internal,LOINC"
https://fhir-ig.digitalhealth.gov.ng/ValueSet/ng-hiv-transfer-reason-vs,0.0.0,draft,"2.16.840.1.113884.3.9944.1.48.152",NgHivTransferReasonVS,NG HIV Care and Treatment Transfer Reasons,"Reasons for transfer printed on the Nigeria HIV Care and Treatment Transfer Form.",,"Internal"
https://fhir-ig.digitalhealth.gov.ng/ValueSet/ng-hiv-viral-load-indication-vs,0.0.0,active,"2.16.840.1.113884.3.9944.1.48.153",NgHivViralLoadIndicationVS,HIV Viral Load Indication,"Codes used for representing viral load indication.",,"LOINC"
https://fhir-ig.digitalhealth.gov.ng/ValueSet/ng-hiv-viral-load-status-vs,0.0.0,active,"2.16.840.1.113884.3.9944.1.48.154",NgHivViralLoadStatusVS,HIV Viral Load Status,"Codes used for representing patient's viral load status.",,"SCT"
https://fhir-ig.digitalhealth.gov.ng/ValueSet/ng-hiv-vl-indication-vs,0.0.0,active,"2.16.840.1.113884.3.9944.1.48.155",NgHivVLIndicationVS,HIV Viral Load Indication,"Codes used for representing the indication type for the viral load.",,"Internal"
https://fhir-ig.digitalhealth.gov.ng/ValueSet/ng-hiv-who-stage-vs,0.0.0,active,"2.16.840.1.113884.3.9944.1.48.156",NgHivWHOStageVS,HIV WHO Stage,"WHO Stage",,"Internal"
https://fhir-ig.digitalhealth.gov.ng/ValueSet/ng-immunization-clinical-status-vs,0.0.0,active,"2.16.840.1.113884.3.9944.1.48.157",NgImmunizationClinicalStatusVS,NG Clinical Status VS,"The outcome of the reaction",,"Internal"
https://fhir-ig.digitalhealth.gov.ng/ValueSet/ng-immunization-indicator-vs,0.0.0,draft,"2.16.840.1.113884.3.9944.1.48.158",NGImmunizationIndicatorVS,Nigeria Defaulter Follow-up Methods,"Methods used to contact or trace immunization defaulters.",,
https://fhir-ig.digitalhealth.gov.ng/ValueSet/ng-immunization-report-category-vs,0.0.0,draft,"2.16.840.1.113884.3.9944.1.48.159",NGImmunizationReportCategoryVS,Nigeria Defaulter Follow-up Methods,"Methods used to contact or trace immunization defaulters.",,
https://fhir-ig.digitalhealth.gov.ng/ValueSet/ng-immunization-route-vs,0.0.0,active,"2.16.840.1.113884.3.9944.1.48.160",NGImmunizationRouteVS,NG-Imm Vaccine Route VS,"Vaccine Route",,
https://fhir-ig.digitalhealth.gov.ng/ValueSet/ng-immunization-session-type-vs,0.0.0,active,"2.16.840.1.113884.3.9944.1.48.161",NgImmunizationSessionTypeVS,NG Session Type VS,"Type of session for immunization. Could be in a fixed facility, outreach or mobile.",,"Internal"
https://fhir-ig.digitalhealth.gov.ng/ValueSet/ng-insurer-org-type-vs,0.0.0,active,"2.16.840.1.113884.3.9944.1.48.162",NgInsurerOrgTypeVS,NG Insurer Organization Types,"Organization types for insurance payers/HMOs",,"THO"
https://fhir-ig.digitalhealth.gov.ng/ValueSet/ng-lgas-vs,0.0.0,active,"2.16.840.1.113884.3.9944.1.48.163",NgLgasVS,NG LGAs VS,"The administrative Local Government Areas where a person or a facility is.",,"Internal"
https://fhir-ig.digitalhealth.gov.ng/ValueSet/ng-missed-vaccination-reason,0.0.0,draft,"2.16.840.1.113884.3.9944.1.48.164",NGMissedVaccinationReasonVS,Nigeria Missed Vaccination Reasons,"Reasons why a client did not receive a scheduled vaccine dose.",,
https://fhir-ig.digitalhealth.gov.ng/ValueSet/ng-nutritional-screening-result-vs,0.0.0,active,"2.16.840.1.113884.3.9944.1.48.165",NgNutritionalScreeningResultVS,Nutritional Screening Result,"Nutritional Screening Result",,"Internal"
https://fhir-ig.digitalhealth.gov.ng/ValueSet/ng-nutritional-status-vs,0.0.0,active,"2.16.840.1.113884.3.9944.1.48.166",NgNutritionalStatusVS,Nutritional Status,"Nutritional Status",,"SCT"
https://fhir-ig.digitalhealth.gov.ng/ValueSet/ng-nutritional-suppliments-provided-vs,0.0.0,active,"2.16.840.1.113884.3.9944.1.48.167",NgNutritionalSupplimentsProvidedVS,Nutritional Suppliments Provided,"Nutritional Suppliments Provided",,"Internal,LOINC"
https://fhir-ig.digitalhealth.gov.ng/ValueSet/ng-organization-owner-vs,0.0.0,active,"2.16.840.1.113884.3.9944.1.48.168",NgOrganizationOwnerVS,NG Location Owner,"The owner of an Health Facility location",,"Internal"
https://fhir-ig.digitalhealth.gov.ng/ValueSet/ng-patient-education-level-value-set,0.0.0,active,"2.16.840.1.113884.3.9944.1.48.169",NgPatientEducationLevelValueSet,HIV Patient Education Level,"Codes used for indicating the patient's highest qualification.",,"LOINC"
https://fhir-ig.digitalhealth.gov.ng/ValueSet/ng-patient-functional-status-vs,0.0.0,active,"2.16.840.1.113884.3.9944.1.48.170",NgPatientFunctionalStatusVS,Patient Functional Status,"Patient Functional Status",,"SCT"
https://fhir-ig.digitalhealth.gov.ng/ValueSet/ng-pharmacy-org-type-vs,0.0.0,active,"2.16.840.1.113884.3.9944.1.48.171",NgPharmacyOrganizationVS,NG Pharmacy Organization Types,"Organization types for Pharmacies",,"THO"
https://fhir-ig.digitalhealth.gov.ng/ValueSet/ng-pregnancies-coutcome-vs,0.0.0,active,"2.16.840.1.113884.3.9944.1.48.172",NgPregnanciesOutcomeVS,Pregnancy Outcome - IPS,"IPS Pregnancies Outcome",,"LOINC"
https://fhir-ig.digitalhealth.gov.ng/ValueSet/ng-pregnancy-expected-delivery-date-method-vs,0.0.0,active,"2.16.840.1.113884.3.9944.1.48.173",NgPregnancyExpectedDeliveryDateMethodVS,Pregnancy EDD Method,"Expected Delivery Date Method",,"LOINC"
https://fhir-ig.digitalhealth.gov.ng/ValueSet/ng-pregnancy-mode-of-delivery-vs,0.0.0,active,"2.16.840.1.113884.3.9944.1.48.174",NgPregnancyModeOfDeliveryVS,Mode Of Delivery,"Codes used for representing mode of delivery.",,"LOINC"
https://fhir-ig.digitalhealth.gov.ng/ValueSet/ng-pregnancy-place-of-delivery-vs,0.0.0,active,"2.16.840.1.113884.3.9944.1.48.175",NgPregnancyPlaceOfDeliveryVS,Place Of Delivery,"Codes used for representing place of delivery.",,"LOINC"
https://fhir-ig.digitalhealth.gov.ng/ValueSet/ng-pregnancy-status-vs,0.0.0,active,"2.16.840.1.113884.3.9944.1.48.176",NgPregnancyStatusVS,NG Clinical Status VS,"The outcome of the Pregnancy. Pregnancy status codes value set. ",,"SCT,Internal"
https://fhir-ig.digitalhealth.gov.ng/ValueSet/ng-provenance-activity-vs,0.0.0,active,"2.16.840.1.113884.3.9944.1.48.177",NgProvenanceActivityVS,NG Provenance Activity Codes,"ValueSet including local provenance activity codes (anonymize, de-identify, mask, label, pseudonymize, create, delete, append, nullify, legally authenticated).",,"Internal"
https://fhir-ig.digitalhealth.gov.ng/ValueSet/ng-provider-org-type-vs,0.0.0,active,"2.16.840.1.113884.3.9944.1.48.178",NgProviderOrgTypeVS,NG Provider Organization Types,"Organization types for healthcare providers",,"THO"
https://fhir-ig.digitalhealth.gov.ng/ValueSet/ng-relationships-vs,0.0.0,active,"2.16.840.1.113884.3.9944.1.48.179",NgRelationshipsVS,NG Relationships VS,"list of persons related to a patient, but who is not a direct target of care.",,"Internal"
https://fhir-ig.digitalhealth.gov.ng/ValueSet/ng-report-stratifier-vs,0.0.0,draft,"2.16.840.1.113884.3.9944.1.48.180",NGReportStratifierVS,Nigeria Defaulter Follow-up Methods,"Methods used to contact or trace immunization defaulters.",,
https://fhir-ig.digitalhealth.gov.ng/ValueSet/ng-results-laboratory-pathology-observation-vs,0.0.0,active,"2.16.840.1.113884.3.9944.1.48.181",NgResultsLaboratoryPathologyObservationVS,Results Laboratory/Pathology Observation - IPS,"Value Set Definition: LOINC {STATUS in {ACTIVE}, CLASSTYPE in {Laboratory class (1)}, CLASS exclude {LP62148-9 (NR STATS), LP175679-2 (H&P.HX.LAB), LP7785-1 (CHALSKIN), LP94892-4 (LABORDERS)}}",,"LOINC"
https://fhir-ig.digitalhealth.gov.ng/ValueSet/ng-results-radiology-component-vs,0.0.0,active,"2.16.840.1.113884.3.9944.1.48.182",NgResultsRadiologyComponentVS,Results Radiology Component - IPS,"Value set including SNOMED CT, LOINC and DICOM concepts for textual reports, measurements, and other radiology components",,"SCT,LOINC,DICOM"
https://fhir-ig.digitalhealth.gov.ng/ValueSet/ng-results-radiology-observations-vs,0.0.0,active,"2.16.840.1.113884.3.9944.1.48.183",NgResultsRadiologyObservationVS,Results Radiology Observation - IPS,"Value Set Definition:  LOINC {STATUS in {ACTIVE}, CLASS in LP29684-5 (\""RAD\"")}",,"LOINC"
https://fhir-ig.digitalhealth.gov.ng/ValueSet/ng-results-specimen-collection-method-vs,0.0.0,active,"2.16.840.1.113884.3.9944.1.48.184",NgResultsSpecimenCollectionMethodVS,Results Specimen Collection Method - IPS,"IPS Specimen collection method codes value set.  This value set includes codes from SNOMED CT®: all descendants or self of 129316008 \|Aspiration - action (qualifier value)\|; all descendants or self of 129314006 \|Biopsy - action (qualifier value)\|; all descendants or self of 129300006 \|Puncture - action (qualifier value)\|; all descendants or self of 129304002 \|Excision - action (qualifier value)\|; all descendants or self of 129323009 \|Scraping - action (qualifier value)\|; all descendants or self of 73416001 \|Urine specimen collection, clean catch (procedure)\|; all descendants or self of 225113003 \|Timed urine collection (procedure)\|; all descendants or self of 70777001 \|Urine specimen collection, catheterized (procedure)\|; all descendants or self of 386089008 \|Collection of coughed sputum (procedure)\|; all descendants or self of 278450005 \|Finger-prick sampling (procedure)\| ",,"SCT"
https://fhir-ig.digitalhealth.gov.ng/ValueSet/ng-results-specimen-type-vs,0.0.0,active,"2.16.840.1.113884.3.9944.1.48.185",NgResultsSpecimenTypeVS,Results Specimen Type,"Specimen Type codes value set.",,"SCT"
https://fhir-ig.digitalhealth.gov.ng/ValueSet/ng-results-status-vs,0.0.0,active,"2.16.840.1.113884.3.9944.1.48.186",NgResultsStatusVS,Results Status Codes - IPS,"IPS Observation status codes allowable for results.  This value set includes all observation status codes except \""entered-in-error\"" from http://hl7.org/fhir/observation-status.",,"hl7.fhir.r4.core"
https://fhir-ig.digitalhealth.gov.ng/ValueSet/ng-sibling-health-status-vs,0.0.0,active,"2.16.840.1.113884.3.9944.1.48.187",NgSiblingHealthStatusVS,NG Sibling Health Status VS,"This CodeSystem defines the health of the client's sibling",,"Internal"
https://fhir-ig.digitalhealth.gov.ng/ValueSet/ng-states-vs,0.0.0,active,"2.16.840.1.113884.3.9944.1.48.188",NgStatesVS,NG States VS,"The state where a person or a facility is.",,"Internal"
https://fhir-ig.digitalhealth.gov.ng/ValueSet/ng-stock-administration-up-method,0.0.0,draft,"2.16.840.1.113884.3.9944.1.48.189",NGStockDiscardReasonVS,Nigeria Defaulter Follow-up Methods,"Methods used to contact or trace immunization defaulters.",,
https://fhir-ig.digitalhealth.gov.ng/ValueSet/ng-target-population-category-vs,0.0.0,active,"2.16.840.1.113884.3.9944.1.48.190",NgTargetPopulationCategoryVS,NG Target Population Category VS,"Codes used for representing the patient's target population category",,"SCT,Internal"
https://fhir-ig.digitalhealth.gov.ng/ValueSet/ng-tb-active-tb-diagnosis-vs,0.0.0,active,"2.16.840.1.113884.3.9944.1.48.191",NgTBActiveTBDiagnosisVS,TB Active TB Diagnosis Codes,"A list of codes describing whether the patient is infected with active TB.",,"SCT"
https://fhir-ig.digitalhealth.gov.ng/ValueSet/ng-tb-diagnostic-test-result-vs,0.0.0,active,"2.16.840.1.113884.3.9944.1.48.192",NgTBDiagnosticTestResultVS,TB Diagnostic Test Result Codes ValueSet,"A list of codes describing a TB diagnostic test result.",,"LOINC"
https://fhir-ig.digitalhealth.gov.ng/ValueSet/ng-tb-month-ordinals-vs,0.0.0,active,"2.16.840.1.113884.3.9944.1.48.193",NgTbMonthOrdinalsVS,TB Month Ordinal Codes,"A list of codes indicating the month ordinals.",,"SCT"
https://fhir-ig.digitalhealth.gov.ng/ValueSet/ng-tb-screening-diagnostic-test-type-vs,0.0.0,active,"2.16.840.1.113884.3.9944.1.48.194",NgTBScreeningDiagnosticTestTypeVS,TB Screening Diagnostic Test Type Codes ValueSet,"A list of codes describing the types of diagnostic tests that can be peformed on the specimen taken during TB screening.",,"Internal"
https://fhir-ig.digitalhealth.gov.ng/ValueSet/ng-tb-screening-result-vs,0.0.0,active,"2.16.840.1.113884.3.9944.1.48.195",NgTBScreeningResultVS,TB Screening Result Codes ValueSet,"A list of codes describing the result of the TB Screening.",,"LOINC"
https://fhir-ig.digitalhealth.gov.ng/ValueSet/ng-tb-screening-specimen-type-vs,0.0.0,active,"2.16.840.1.113884.3.9944.1.48.196",NgTBScreeningSpecimenTypeVS,TB Screening Specimen Type Codes ValueSet,"A list of codes describing the specimen types that can be taken during TB Screening for the laboratory examination.",,"THO (V2)"
https://fhir-ig.digitalhealth.gov.ng/ValueSet/ng-tb-screening-type-vs,0.0.0,active,"2.16.840.1.113884.3.9944.1.48.197",NgTBScreeningTypeVS,TB Screening Type Codes ValueSet,"A list of codes describing the Type of TB Screening.",,"LOINC"
https://fhir-ig.digitalhealth.gov.ng/ValueSet/ng-tb-tpt-alternate-prophylaxis-type-vs,0.0.0,active,"2.16.840.1.113884.3.9944.1.48.198",NgTbAlternateTPTProphylaxisTypeVS,TB Alternate TPT Prophylaxis Type Codes ValueSet,"A list of codes describing the alternate TPT prophylaxis types to INH.",,"SCT"
https://fhir-ig.digitalhealth.gov.ng/ValueSet/ng-tb-tpt-prophylaxis-type-vs,0.0.0,active,"2.16.840.1.113884.3.9944.1.48.199",NgTbTPTProphylaxisTypeVS,TB TPT Prophylaxis Type Codes,"A list of codes describing the TPT prophylaxis type.",,"Internal"
https://fhir-ig.digitalhealth.gov.ng/ValueSet/ng-tb-tpt-prophylaxis-vs,0.0.0,active,"2.16.840.1.113884.3.9944.1.48.200",NgTbTPTProphylaxisVS,TB TPT Prophylaxis Codes For Medication Requests ValueSet,"A list of codes describing the different codes used during a request for TPT medication.",,"SCT,LOINC"
https://fhir-ig.digitalhealth.gov.ng/ValueSet/ng-tb-tpt-reason-not-eligibile-vs,0.0.0,active,"2.16.840.1.113884.3.9944.1.48.201",NgTbTPTReasonNotEligibileVS,TB Reason Not Eligible for TPT Codes,"A list of codes used for indicating the reason why the patient is not eligible for TPT.",,"SCT"
https://fhir-ig.digitalhealth.gov.ng/ValueSet/ng-tb-treatment-outcome-vs,0.0.0,active,"2.16.840.1.113884.3.9944.1.48.202",NgTbTreatmentOutcomeVS,TB Treatment Outcome Codes,"A list of codes indicating the status of the treatment.",,"SCT"
https://fhir-ig.digitalhealth.gov.ng/ValueSet/ng-tb-treatment-status-value-set,0.0.0,active,"2.16.840.1.113884.3.9944.1.48.203",NgTBTreatmentStatusVS,TB Treatment Status Codes CodeSystem,"A list of codes describing the status of TB treatment.",,"Internal"
https://fhir-ig.digitalhealth.gov.ng/ValueSet/ng-vaccine-contraindication-vs,0.0.0,active,"2.16.840.1.113884.3.9944.1.48.204",NgVaccineContraindicationVS,NG Vaccine Contraindication VS,"A set of standardized codes used to represent clinical conditions, diagnoses, or circumstances that serve as contraindications to the administration of one or more vaccines.",,"Internal"
https://fhir-ig.digitalhealth.gov.ng/ValueSet/ng-vaccine-icd-vs,0.0.0,active,"2.16.840.1.113884.3.9944.1.48.205",NgVaccineIcdVS,NG Vaccine ICD ValueSet,"All ICD11 vaccine codes (DE1–DE29).",,"Internal"
https://fhir-ig.digitalhealth.gov.ng/ValueSet/ng-vaccine-local-vs,0.0.0,active,"2.16.840.1.113884.3.9944.1.48.206",NgVaccineLocalVS,NG Vaccine Local ValueSet,"All local vaccine codes (DE1–DE29).",,"Internal"
https://fhir-ig.digitalhealth.gov.ng/ValueSet/ng-vaccine-preventable-disease,0.0.0,draft,"2.16.840.1.113884.3.9944.1.48.207",NGVaccinePreventableDiseaseVS,Nigeria Vaccine Preventable Diseases,"Diseases targeted by vaccines included in the Nigeria immunization program.",,
https://fhir-ig.digitalhealth.gov.ng/ValueSet/ng-vaccine-snomed-vs,0.0.0,active,"2.16.840.1.113884.3.9944.1.48.208",NgVaccineSnomedVS,NG Vaccine SNOMED ValueSet,"All SNOMED vaccine codes (DE1–DE29).",,"Internal"
https://fhir-ig.digitalhealth.gov.ng/ValueSet/ng-wards-vs,0.0.0,active,"2.16.840.1.113884.3.9944.1.48.209",NgWardsVS,NG Wards VS,"The administrative Ward (within an LGA) where a person or a facility is.",,"Internal"
https://fhir-ig.digitalhealth.gov.ng/ValueSet/ng-who-hiv-concepts-vs,0.0.0,active,"2.16.840.1.113884.3.9944.1.48.210",NgWhoHivConceptsVS,Nigeria Relevant WHO HIV Concepts,"Distinct locally represented WHO SMART HIV concepts used in Nigeria HIV terminology mappings. Membership is drawn from the Nigeria Local WHO HIV Concepts CodeSystem.",,"Internal"
https://fhir-ig.digitalhealth.gov.ng/ValueSet/ng-yes-no-vs,0.0.0,active,"2.16.840.1.113884.3.9944.1.48.211",NgYesNoVS,NG Yes/No Codes VS,"Yes/No Codes Represented as Boolean.",,"Internal"
https://fhir-ig.digitalhealth.gov.ng/ValueSet/nigeria-vaccine-site,0.0.0,draft,"2.16.840.1.113884.3.9944.1.48.212",NGImmunizationSiteVS,NG-Imm Vaccine Site VS,"Vaccine Site",,
